ID,country,brand,trust,driver_1,driver_2,driver_3,driver_4,driver_5,driver_6,driver_7,driver_8
1,DE,A,5,4,3,4,4,4,3,10,10
2,DE,A,5,5,5,5,5,5,5,11,8
3,DE,A,5,3,4,3,3,3,3,9,6
4,DE,A,3,4,3,4,4,3,3,9,11
5,DE,A,3,3,3,3,3,3,3,10,4
6,DE,A,5,5,4,4,5,5,4,8,10
7,DE,A,5,5,4,4,5,4,3,10,7
8,DE,A,5,4,4,5,5,4,3,10,7
9,DE,A,5,5,5,5,5,5,5,9,9
10,DE,A,4,3,4,4,4,4,3,8,7
11,DE,A,5,4,3,4,4,5,3,10,10
12,DE,A,4,4,4,4,4,4,4,6,8
13,DE,A,2,2,2,3,1,2,2,7,4
14,DE,A,5,4,5,3,5,3,3,8,7
15,DE,A,4,4,4,4,4,4,3,10,10
16,DE,A,4,4,3,3,4,4,2,10,9
17,DE,A,5,4,3,3,4,3,3,8,7
18,DE,A,5,5,4,5,5,3,3,9,9
19,DE,A,4,4,3,3,3,3,3,7,6
20,DE,A,5,3,5,5,4,4,2,8,5
21,DE,A,3,4,3,3,4,3,3,9,7
22,DE,A,5,4,4,4,4,4,4,8,7
23,DE,A,4,3,3,3,4,3,2,7,7
24,DE,A,5,4,4,4,4,5,4,11,10
25,DE,A,5,3,3,3,4,4,4,11,6
26,DE,A,2,2,4,3,4,3,3,5,6
27,DE,A,5,4,4,4,5,5,4,11,5
28,DE,A,5,4,3,3,5,3,3,9,11
29,DE,A,4,4,4,3,4,3,4,9,7
30,DE,A,2,4,1,3,4,2,1,7,8
31,DE,A,4,4,4,3,3,4,3,9,8
32,DE,A,5,5,5,5,5,5,5,7,6
33,DE,A,3,3,3,3,3,3,3,9,6
34,DE,A,5,5,5,5,5,5,5,6,9
35,DE,A,2,2,3,3,2,4,2,9,6
36,DE,A,3,4,3,4,4,4,3,5,6
37,DE,A,5,4,3,4,4,3,3,7,7
38,DE,A,3,4,4,2,3,3,2,7,7
39,DE,A,4,4,2,5,1,5,1,10,5
40,DE,A,5,5,5,5,5,5,5,8,8
41,DE,A,4,2,3,3,4,3,3,7,5
42,DE,A,4,4,3,4,4,4,5,9,7
43,DE,A,5,4,5,4,4,4,3,10,7
44,DE,A,5,4,3,3,5,4,3,10,6
45,DE,A,4,4,3,3,4,3,3,9,8
46,DE,A,2,4,1,1,2,1,3,5,6
47,DE,A,5,4,3,3,5,5,3,9,7
48,DE,A,4,4,4,3,4,4,3,9,9
49,DE,A,5,5,4,3,5,4,4,8,9
50,DE,A,5,4,4,4,4,4,4,9,8
51,DE,A,3,4,4,2,3,2,2,7,7
52,DE,A,3,5,5,5,5,4,3,10,9
53,DE,A,5,5,5,5,5,5,5,12,6
54,DE,A,4,4,2,3,4,4,3,10,7
55,DE,A,3,2,3,4,2,3,3,8,6
56,DE,A,5,4,4,4,4,4,3,10,6
57,DE,A,5,5,5,3,5,3,4,8,8
58,DE,A,5,5,4,5,5,4,4,8,8
59,DE,A,5,3,4,4,3,4,3,10,7
60,DE,A,5,5,5,5,5,5,5,7,6
61,DE,A,3,4,4,4,4,4,3,8,10
62,DE,A,3,5,5,5,4,5,5,9,7
63,DE,A,5,4,3,3,4,3,3,9,8
64,DE,A,5,3,5,4,4,4,3,7,5
65,DE,A,5,4,4,3,5,5,3,8,6
66,DE,A,4,3,3,3,3,3,3,9,6
67,DE,A,4,4,4,5,4,4,4,6,8
68,DE,A,3,4,4,4,5,5,4,10,8
69,DE,A,5,5,4,5,5,5,4,6,8
70,DE,A,5,5,5,5,5,5,3,9,9
71,DE,A,2,4,4,3,4,5,3,6,5
72,DE,A,4,3,4,3,4,3,3,8,7
73,DE,A,3,4,3,3,2,3,3,10,7
74,DE,A,5,3,3,3,3,4,3,9,10
75,DE,A,4,3,4,4,5,3,3,9,7
76,DE,A,5,4,4,4,5,5,3,12,6
77,DE,A,5,5,5,5,5,5,5,9,9
78,DE,A,5,4,4,4,5,4,3,5,7
79,DE,A,5,5,5,5,5,5,5,10,8
80,DE,A,5,4,4,4,5,4,4,9,7
81,DE,A,5,3,3,4,4,3,3,9,7
82,DE,A,5,4,3,4,5,4,3,10,8
83,DE,A,5,4,4,5,4,4,4,10,7
84,DE,A,4,3,4,4,5,4,2,9,6
85,DE,A,3,4,4,4,5,3,3,6,7
86,DE,A,5,5,5,5,5,5,5,9,8
87,DE,A,5,4,3,3,4,4,3,9,8
88,DE,A,5,5,5,5,5,5,5,12,9
89,DE,A,5,5,5,5,5,4,4,10,8
90,DE,A,2,2,2,2,3,2,3,5,5
91,DE,A,4,4,3,4,5,5,4,10,7
92,DE,A,5,5,5,5,5,5,5,10,11
93,DE,A,3,4,3,3,2,3,3,7,6
94,DE,A,5,4,3,4,5,4,3,9,7
95,DE,A,5,5,5,5,5,5,5,10,8
96,DE,A,5,4,4,4,5,4,5,10,7
97,DE,A,4,5,5,5,5,5,5,6,8
98,DE,A,4,5,3,4,3,4,4,7,11
99,DE,A,3,3,3,3,3,3,5,5,4
100,DE,A,3,1,1,3,4,2,2,7,4
101,DE,A,5,5,5,5,5,5,3,10,8
102,DE,A,5,3,3,3,4,3,3,10,6
103,DE,A,5,4,4,5,5,5,5,8,7
104,DE,A,5,3,3,3,4,3,2,10,6
105,DE,A,4,3,3,3,4,3,3,4,9
106,DE,A,3,4,4,3,4,4,3,11,7
107,DE,A,5,5,5,5,5,5,4,10,9
108,DE,A,5,4,4,4,4,3,3,7,9
109,DE,A,5,5,3,4,4,3,3,9,9
110,DE,A,5,5,5,5,5,5,3,11,11
111,DE,A,4,4,4,5,4,4,3,11,7
112,DE,A,3,4,4,4,4,4,3,9,8
113,DE,A,3,1,1,1,1,1,1,7,4
114,DE,A,5,5,5,4,4,5,5,9,8
115,DE,A,5,3,3,3,5,4,3,9,4
116,DE,A,5,4,4,4,5,4,4,8,9
117,DE,A,5,4,4,4,5,4,3,8,7
118,DE,A,5,2,3,4,3,4,4,10,6
119,DE,A,3,4,5,4,5,5,3,10,5
120,DE,A,5,5,5,4,4,4,5,11,10
121,DE,A,3,3,3,3,3,3,3,8,6
122,DE,A,5,5,5,5,5,5,5,11,8
123,DE,A,3,3,3,3,3,3,2,7,6
124,DE,A,5,5,5,5,5,5,5,10,8
125,DE,A,4,4,4,3,4,4,3,9,7
126,DE,A,4,4,4,4,5,5,5,11,8
127,DE,A,5,5,5,5,5,5,5,10,7
128,DE,A,5,5,5,5,5,5,5,11,8
129,DE,A,5,5,3,4,4,4,2,6,8
130,DE,A,5,4,4,3,5,5,3,9,8
131,DE,A,5,4,4,5,5,4,4,10,6
132,DE,A,2,5,4,2,5,5,3,11,7
133,DE,A,4,4,4,4,4,3,4,6,11
134,DE,A,5,3,2,3,4,4,3,8,7
135,DE,A,3,4,3,4,4,4,4,10,7
136,DE,A,5,4,5,3,5,4,3,5,6
137,DE,A,4,3,3,4,3,4,3,11,6
138,DE,A,5,5,4,4,5,4,4,8,8
139,DE,A,4,4,4,3,5,4,3,8,8
140,DE,A,4,3,4,3,4,3,3,9,6
141,DE,A,3,3,4,3,3,4,3,8,6
142,DE,A,4,4,3,3,3,3,3,8,7
143,DE,A,3,3,3,3,3,3,3,7,5
144,DE,A,4,4,4,3,3,3,3,9,11
145,DE,A,5,5,5,5,5,5,5,6,8
146,DE,A,5,5,5,5,5,5,5,8,7
147,DE,A,4,3,3,2,4,5,3,8,6
148,DE,A,5,5,5,5,5,5,4,9,7
149,DE,A,5,4,3,3,4,4,3,9,8
150,DE,A,5,4,4,5,4,4,4,10,10
151,DE,A,4,3,4,4,4,3,3,9,7
152,DE,A,4,4,3,4,4,3,3,8,7
153,DE,A,2,2,3,3,4,2,1,6,6
154,DE,A,3,3,3,3,3,3,3,9,4
155,DE,A,4,4,4,4,5,4,2,11,6
156,DE,A,4,4,4,5,4,5,3,10,8
157,DE,A,5,4,5,5,5,4,5,10,5
158,DE,A,4,4,2,3,4,3,3,9,6
159,DE,A,4,2,5,2,4,5,1,11,9
160,DE,A,3,3,3,3,3,3,3,10,5
161,DE,A,4,4,4,4,4,5,5,10,6
162,DE,A,4,4,4,4,4,4,4,8,8
163,DE,A,5,5,5,5,5,5,5,11,8
164,DE,A,5,4,4,4,5,4,4,7,7
165,DE,A,5,4,4,5,5,5,5,11,9
166,DE,A,5,4,5,5,5,4,3,8,7
167,DE,A,4,4,2,4,4,3,1,7,8
168,DE,A,5,5,5,5,5,5,5,9,9
169,DE,A,5,4,5,4,4,5,4,8,7
170,DE,A,5,5,3,3,5,4,3,7,8
171,DE,A,3,4,4,4,3,4,3,7,8
172,DE,A,5,5,4,5,5,5,5,10,8
173,DE,A,5,4,3,3,4,3,3,7,9
174,DE,A,5,5,4,5,5,5,4,8,9
175,DE,A,5,5,4,3,5,5,5,6,8
176,DE,A,4,4,5,4,4,5,3,9,8
177,DE,A,5,5,5,5,5,4,4,9,9
178,DE,A,4,4,4,3,5,3,3,10,11
179,DE,A,4,4,4,4,5,4,4,8,11
180,DE,A,4,4,3,4,4,5,4,10,11
181,DE,A,5,5,5,5,5,5,5,8,10
182,DE,A,5,4,5,4,4,5,4,9,8
183,DE,A,4,2,2,3,4,3,2,9,5
184,DE,A,3,3,3,4,2,2,3,8,6
185,DE,A,5,5,5,5,5,5,5,12,9
186,DE,A,3,4,2,3,3,3,3,4,8
187,DE,A,5,4,4,5,4,4,4,7,8
188,DE,A,2,3,3,3,3,3,3,8,7
189,DE,A,4,4,3,4,4,4,3,9,7
190,DE,A,5,4,5,5,4,5,3,11,5
191,DE,A,3,3,4,3,4,3,3,7,7
192,DE,A,4,4,4,3,4,4,3,10,8
193,DE,A,5,4,4,5,4,3,4,7,7
194,DE,A,5,5,5,5,5,5,5,6,9
195,DE,A,5,5,5,5,5,5,5,10,9
196,DE,A,5,5,5,5,5,5,5,11,9
197,DE,A,5,5,5,5,5,5,5,11,9
198,DE,A,5,4,3,4,3,4,5,10,7
199,DE,A,3,4,4,3,5,3,3,5,8
200,DE,A,4,4,4,3,5,4,3,10,11
201,DE,A,3,3,3,3,3,3,3,4,7
202,DE,A,4,3,4,3,4,3,3,6,6
203,DE,A,4,3,3,3,4,4,3,9,7
204,DE,A,3,2,3,3,3,3,3,9,7
205,DE,A,5,4,4,4,5,4,3,8,5
206,DE,A,5,4,5,5,5,5,3,11,10
207,DE,A,5,5,5,5,5,5,5,12,7
208,DE,A,5,5,5,5,5,5,5,11,8
209,DE,A,5,3,3,3,3,3,3,8,5
210,DE,A,5,4,3,4,5,5,3,11,7
211,DE,A,5,4,4,5,4,5,4,8,6
212,DE,A,5,4,4,4,4,4,2,9,6
213,DE,A,4,3,3,3,3,3,3,7,8
214,DE,A,5,5,5,5,5,5,4,12,9
215,DE,A,3,4,3,3,4,3,3,10,8
216,DE,A,3,4,3,4,4,3,3,8,10
217,DE,A,3,5,4,4,5,5,3,11,12
218,DE,A,3,3,3,4,4,3,2,7,6
219,DE,A,3,3,3,3,3,3,3,8,7
220,DE,A,2,2,2,2,2,2,2,5,5
221,DE,A,2,2,3,1,1,1,3,6,5
222,DE,A,5,5,5,4,5,5,5,11,10
223,DE,A,4,5,4,3,3,3,3,6,9
224,DE,A,4,4,4,4,4,4,4,10,7
225,DE,A,4,4,3,4,3,2,3,7,6
226,DE,A,5,5,5,5,5,5,5,9,8
227,DE,A,5,4,4,5,4,4,4,7,7
228,DE,A,5,2,2,3,2,2,2,6,5
229,DE,A,5,4,4,4,4,3,4,6,7
230,DE,A,5,4,4,4,4,4,4,9,11
231,DE,A,5,4,4,4,4,5,5,10,7
232,DE,A,4,4,3,4,4,4,3,9,8
233,DE,A,5,4,3,5,5,4,3,10,5
234,DE,A,5,4,5,4,5,5,4,10,5
235,DE,A,3,3,2,2,3,2,3,7,9
236,DE,A,5,4,3,3,3,3,3,8,7
237,DE,A,4,4,3,2,4,3,3,9,9
238,DE,A,4,3,3,3,4,3,3,7,7
239,DE,A,5,4,4,5,4,5,3,10,11
240,DE,A,4,4,4,4,4,4,4,5,9
241,DE,A,5,4,4,4,4,4,4,10,5
242,DE,A,4,4,5,5,4,5,4,11,8
243,DE,A,3,2,3,3,4,3,2,10,6
244,DE,A,5,5,5,5,5,5,5,10,8
245,DE,A,5,5,4,4,5,4,5,11,9
246,DE,A,2,2,2,2,2,1,1,7,4
247,DE,A,5,4,4,4,4,4,4,8,8
248,DE,A,5,4,3,4,5,4,3,8,8
249,DE,A,5,4,3,4,4,4,4,10,7
250,DE,A,5,4,4,4,4,4,3,10,8
251,DE,A,3,4,3,3,4,2,3,9,11
252,DE,A,5,4,5,5,4,5,5,11,8
253,DE,A,5,4,5,4,5,5,4,6,6
254,DE,A,5,4,4,4,2,4,3,7,8
255,DE,A,4,4,5,3,4,4,3,11,8
256,DE,A,4,4,2,3,4,3,3,10,7
257,DE,A,5,4,4,4,5,4,4,8,8
258,DE,A,5,5,5,5,5,5,5,11,7
259,DE,A,4,4,4,3,3,4,4,9,6
260,DE,A,5,4,4,4,5,3,3,9,8
261,DE,A,2,2,3,3,2,2,2,8,6
262,DE,A,5,4,4,4,4,4,3,10,7
263,DE,A,5,3,3,3,3,4,3,7,6
264,DE,A,5,4,4,5,5,4,4,10,7
265,DE,A,5,5,5,5,5,5,4,8,6
266,DE,A,2,5,5,5,5,5,4,12,8
267,DE,A,2,2,2,3,3,2,3,6,4
268,DE,A,5,4,5,5,5,5,4,10,7
269,DE,A,3,4,3,3,5,3,3,8,9
270,DE,A,5,4,3,3,3,3,3,7,9
271,DE,A,4,2,3,2,3,2,3,8,6
272,DE,A,5,4,4,4,5,4,3,8,7
273,DE,A,5,4,4,4,4,4,4,10,8
274,DE,A,3,4,5,4,5,4,5,9,7
275,DE,A,5,4,4,4,4,4,4,9,7
276,DE,A,5,5,5,5,4,5,5,8,6
277,DE,A,5,4,3,4,5,4,3,11,7
278,DE,A,5,4,5,4,5,5,3,6,6
279,DE,A,4,3,2,4,4,3,3,8,8
280,DE,A,3,4,4,4,4,4,3,6,7
281,DE,A,3,2,2,2,2,2,2,7,5
282,DE,A,5,4,5,5,4,5,4,12,7
283,DE,A,2,1,4,2,3,1,1,8,3
284,DE,A,3,4,4,4,4,4,4,6,7
285,DE,A,5,4,4,4,4,4,3,9,6
286,DE,A,4,3,3,3,3,3,3,10,8
287,DE,A,5,3,4,3,4,3,3,7,5
288,DE,A,5,4,4,4,4,4,3,8,7
289,DE,A,5,4,4,3,4,3,4,9,9
290,DE,A,5,4,5,4,3,4,5,5,7
291,DE,A,5,4,4,5,5,4,3,7,6
292,DE,A,4,3,3,3,4,3,3,5,7
293,DE,A,5,5,5,5,5,5,5,11,10
294,DE,A,4,4,3,4,5,4,4,8,8
295,DE,A,5,5,3,3,3,4,4,10,9
296,DE,A,5,4,5,5,5,5,3,12,8
297,DE,A,4,3,4,4,4,3,3,6,7
298,DE,A,5,4,4,3,4,4,3,9,8
299,DE,A,4,4,3,4,2,5,5,9,7
300,DE,A,3,3,2,3,4,3,3,7,5
301,DE,A,5,3,4,3,5,4,3,8,6
302,DE,A,5,4,5,4,4,3,4,8,8
303,DE,A,4,4,3,3,4,3,3,8,5
304,DE,A,5,4,5,4,5,4,4,11,8
305,DE,A,3,4,3,4,4,4,3,5,7
306,DE,A,4,3,3,3,3,3,3,7,7
307,DE,A,5,5,4,4,5,5,4,11,10
308,DE,A,2,4,3,3,4,4,3,9,7
309,DE,A,5,5,5,5,5,5,5,12,8
310,DE,A,4,4,3,3,4,4,3,10,8
311,DE,A,4,4,4,4,4,4,3,10,7
312,DE,A,3,3,4,4,4,4,3,8,6
313,DE,A,5,4,4,4,5,3,3,9,7
314,DE,A,3,4,2,3,4,3,2,8,7
315,DE,A,4,4,4,4,4,3,3,10,8
316,DE,A,5,5,4,4,5,5,3,11,7
317,DE,A,5,4,4,4,5,4,3,8,7
318,DE,A,4,4,4,4,5,4,4,8,10
319,DE,A,5,5,5,3,5,5,5,8,7
320,DE,A,3,3,3,3,3,3,3,10,7
321,DE,A,5,5,5,5,5,5,5,9,7
322,DE,A,5,5,5,5,5,5,5,8,11
323,DE,A,5,4,5,5,4,5,5,10,9
324,DE,A,5,5,5,5,5,5,5,11,10
325,DE,A,4,4,5,4,3,4,4,11,7
326,DE,A,3,2,3,3,3,3,3,8,7
327,DE,A,5,5,5,5,5,4,4,11,6
328,DE,B,2,1,1,1,1,1,1,6,4
329,DE,B,5,5,4,5,5,5,4,11,8
330,DE,B,4,4,4,4,4,3,3,10,6
331,DE,B,3,4,3,4,4,3,3,7,7
332,DE,B,3,3,3,3,3,3,5,10,7
333,DE,B,5,5,5,5,5,5,5,12,7
334,DE,B,4,4,4,4,4,4,3,10,7
335,DE,B,5,4,4,4,4,3,3,6,6
336,DE,B,5,5,5,5,5,5,5,11,8
337,DE,B,4,3,4,3,2,3,2,6,7
338,DE,B,4,4,4,3,3,3,3,10,7
339,DE,B,3,4,4,3,4,3,4,7,8
340,DE,B,2,2,3,1,2,2,3,9,6
341,DE,B,1,1,1,1,1,1,1,6,3
342,DE,B,3,4,4,4,5,4,4,8,8
343,DE,B,5,5,5,5,5,5,4,12,10
344,DE,B,3,3,3,3,4,2,3,9,7
345,DE,B,2,3,3,2,1,1,3,5,6
346,DE,B,5,4,5,5,5,5,4,10,7
347,DE,B,2,4,3,4,3,3,3,8,10
348,DE,B,5,4,5,4,5,5,3,11,5
349,DE,B,1,4,2,3,4,3,4,8,8
350,DE,B,1,1,1,1,1,1,1,7,5
351,DE,B,3,4,3,3,5,4,3,7,7
352,DE,B,5,4,5,3,4,5,2,11,7
353,DE,B,3,2,2,3,3,2,4,8,8
354,DE,B,1,1,3,2,2,1,1,7,3
355,DE,B,4,4,4,4,4,4,4,10,6
356,DE,B,5,4,3,3,5,5,5,11,7
357,DE,B,4,4,4,3,2,3,3,7,8
358,DE,B,1,1,1,1,1,1,1,7,4
359,DE,B,2,2,2,1,1,1,1,7,5
360,DE,B,1,1,1,1,1,1,5,5,4
361,DE,B,3,4,3,3,4,3,3,8,8
362,DE,B,5,5,4,5,5,5,4,11,8
363,DE,B,4,2,2,3,2,2,1,7,5
364,DE,B,3,4,4,4,4,5,5,6,7
365,DE,B,4,4,4,3,3,3,3,9,6
366,DE,B,2,3,1,3,2,2,2,7,8
367,DE,B,5,3,3,3,4,3,3,10,7
368,DE,B,3,3,2,3,2,3,4,10,7
369,DE,B,3,4,4,4,4,5,4,11,11
370,DE,B,1,1,1,1,1,1,1,4,4
371,DE,B,5,4,4,3,4,4,3,11,11
372,DE,B,3,4,4,5,5,4,4,10,8
373,DE,B,1,1,1,1,1,1,3,6,3
374,DE,B,4,3,3,4,2,3,3,9,5
375,DE,B,5,4,4,4,4,4,4,10,6
376,DE,B,4,5,4,4,4,4,4,10,6
377,DE,B,3,5,5,5,5,5,5,6,9
378,DE,B,3,3,3,3,3,3,3,9,7
379,DE,B,5,5,5,5,5,5,5,11,8
380,DE,B,4,4,3,3,2,3,3,6,7
381,DE,B,4,4,4,3,4,3,4,9,7
382,DE,B,3,3,3,3,3,3,3,8,4
383,DE,B,3,2,2,3,3,2,3,8,5
384,DE,B,4,4,3,4,4,4,3,10,9
385,DE,B,5,4,4,4,4,4,4,7,6
386,DE,B,4,4,4,3,4,5,3,10,7
387,DE,B,4,4,3,3,3,3,3,9,8
388,DE,B,1,1,1,1,1,1,4,5,2
389,DE,B,2,4,4,4,4,4,3,10,7
390,DE,B,3,4,3,3,3,4,3,7,7
391,DE,B,4,2,3,4,3,3,3,5,5
392,DE,B,5,4,4,4,4,5,4,6,7
393,DE,B,4,3,3,3,2,3,3,8,7
394,DE,B,5,4,3,3,5,5,4,9,6
395,DE,B,2,4,4,3,1,2,2,6,7
396,DE,B,4,4,3,5,4,4,4,8,7
397,DE,B,1,1,1,1,1,1,1,7,4
398,DE,B,3,4,4,4,4,4,4,10,8
399,DE,B,5,4,3,3,4,4,3,9,8
400,DE,B,3,4,4,3,3,3,3,4,8
401,DE,B,5,5,4,5,4,5,5,8,11
402,DE,B,5,5,5,5,5,5,5,12,8
403,DE,B,2,2,2,2,1,1,1,6,6
404,DE,B,4,2,2,2,2,2,3,8,6
405,DE,B,3,3,3,3,3,3,3,10,7
406,DE,B,2,2,2,2,2,2,2,9,9
407,DE,B,5,4,5,4,5,5,4,9,7
408,DE,B,4,2,3,3,2,2,3,7,7
409,DE,B,1,1,1,1,1,1,1,5,4
410,DE,B,3,3,2,2,1,3,2,8,7
411,DE,B,3,4,3,4,2,3,3,9,5
412,DE,B,2,2,3,2,1,2,2,5,5
413,DE,B,3,2,4,3,2,2,2,9,6
414,DE,B,3,3,4,4,3,4,3,8,6
415,DE,B,4,4,3,3,3,3,4,8,7
416,DE,B,4,2,4,3,4,3,3,8,6
417,DE,B,5,4,3,3,5,4,4,11,7
418,DE,B,5,5,5,5,5,5,5,12,7
419,DE,B,4,4,4,4,4,4,2,10,8
420,DE,B,1,1,2,1,1,1,3,5,5
421,DE,B,1,1,1,1,1,1,1,5,4
422,DE,B,2,2,2,3,1,3,2,8,5
423,DE,B,4,4,3,4,4,4,5,6,8
424,DE,B,4,4,3,3,3,3,2,8,7
425,DE,B,4,2,1,1,4,1,1,5,5
426,DE,B,3,2,3,1,3,2,3,6,7
427,DE,B,3,4,4,5,4,3,3,9,8
428,DE,B,4,5,5,4,5,3,3,4,7
429,DE,B,5,4,5,4,5,5,4,11,7
430,DE,B,3,2,2,2,3,3,3,7,5
431,DE,B,2,2,2,2,2,2,2,7,7
432,DE,B,3,3,3,3,2,3,3,8,7
433,DE,B,3,3,2,3,2,2,3,8,7
434,DE,B,4,3,2,2,1,2,3,5,7
435,DE,B,3,4,3,4,5,4,4,11,9
436,DE,B,4,4,4,3,5,4,4,5,7
437,DE,B,3,1,2,3,4,3,3,7,3
438,DE,B,5,2,2,3,2,4,3,10,4
439,DE,B,5,3,3,3,5,3,3,6,5
440,DE,B,4,4,4,4,5,4,3,8,7
441,DE,B,4,2,2,4,2,3,2,9,6
442,DE,B,5,5,5,5,5,4,5,10,8
443,DE,B,4,2,2,2,1,1,2,7,6
444,DE,B,4,5,4,4,5,4,4,7,9
445,DE,B,2,1,1,1,1,1,1,7,3
446,DE,B,3,3,2,1,1,2,3,6,6
447,DE,B,5,4,4,3,4,4,4,10,7
448,DE,B,1,1,1,1,1,1,1,4,6
449,DE,B,3,3,3,3,3,3,3,6,7
450,DE,B,5,4,5,5,5,5,3,10,6
451,DE,B,5,4,4,4,4,4,3,9,7
452,DE,B,2,2,2,3,2,1,2,8,4
453,DE,B,4,3,3,3,4,3,2,9,6
454,DE,B,1,1,1,1,1,1,1,5,3
455,DE,B,3,5,5,5,5,5,5,9,9
456,DE,B,3,4,2,3,2,3,3,6,7
457,DE,B,1,2,1,1,1,1,1,6,4
458,DE,B,1,2,2,2,1,1,1,8,6
459,DE,B,3,3,3,3,3,3,3,6,5
460,DE,B,2,2,2,3,2,2,3,7,5
461,DE,B,5,5,5,5,5,5,5,11,9
462,DE,B,4,3,3,3,3,3,3,5,7
463,DE,B,3,3,4,2,3,3,3,6,7
464,DE,B,1,1,1,1,1,1,1,3,4
465,DE,B,2,2,3,3,3,3,3,7,5
466,DE,B,4,4,4,3,3,3,3,9,11
467,DE,B,3,4,3,4,3,4,4,9,8
468,DE,B,5,4,5,4,5,5,4,11,8
469,DE,B,4,3,3,3,2,2,3,8,4
470,DE,B,4,3,3,2,4,3,3,9,8
471,DE,B,5,5,5,5,5,5,5,11,6
472,DE,B,3,4,4,3,3,4,3,11,9
473,DE,B,2,2,3,4,1,2,3,6,6
474,DE,B,4,4,3,4,5,5,4,9,8
475,DE,B,4,4,3,3,4,4,3,10,7
476,DE,B,3,2,1,1,1,1,3,7,4
477,DE,B,2,2,2,2,2,1,5,5,9
478,DE,B,3,4,3,3,4,3,3,6,8
479,DE,B,3,4,3,4,4,3,3,7,6
480,DE,B,5,4,4,3,4,5,3,11,7
481,DE,B,1,2,2,1,1,1,3,2,8
482,DE,B,4,5,5,5,5,5,5,6,9
483,DE,B,5,4,4,4,4,4,4,11,8
484,DE,B,4,4,4,4,5,5,4,8,8
485,DE,B,5,4,4,4,4,4,3,10,7
486,DE,B,4,4,5,4,3,3,3,9,7
487,DE,B,4,4,3,5,4,4,4,10,8
488,DE,B,1,1,1,1,3,1,3,7,2
489,DE,B,5,4,5,5,5,5,4,12,7
490,DE,B,3,4,3,4,4,4,4,8,7
491,DE,B,3,4,4,4,4,4,3,5,7
492,DE,B,2,2,2,3,1,2,3,6,6
493,DE,B,2,2,2,2,3,2,2,8,5
494,DE,B,2,2,1,2,1,1,3,3,7
495,DE,B,3,3,3,3,4,3,5,7,10
496,DE,B,4,4,4,4,3,3,3,9,6
497,DE,B,5,3,3,3,4,3,2,6,7
498,DE,B,5,5,5,4,5,4,5,8,7
499,DE,B,3,2,3,3,2,2,2,7,6
500,DE,B,5,4,3,3,5,4,3,5,8
501,DE,B,4,4,4,4,2,3,4,10,8
502,DE,B,2,2,2,2,2,1,3,4,6
503,DE,B,3,2,2,2,2,2,1,8,5
504,DE,B,5,4,4,4,3,2,4,8,9
505,DE,B,5,4,4,4,4,4,3,9,7
506,DE,B,5,4,4,4,4,4,4,6,8
507,DE,B,3,4,3,3,3,3,3,6,9
508,DE,B,1,1,1,1,1,1,1,3,5
509,DE,B,4,3,3,4,3,2,2,8,6
510,DE,B,4,2,3,4,2,2,2,5,6
511,DE,B,3,4,2,2,3,2,4,8,8
512,DE,B,3,4,3,3,2,2,2,9,6
513,DE,B,4,3,3,3,3,3,3,7,7
514,DE,B,5,4,4,4,4,5,4,7,9
515,DE,B,5,4,4,4,5,5,3,10,7
516,DE,B,3,2,2,2,2,2,3,9,5
517,DE,B,5,5,5,5,5,5,5,12,6
518,DE,B,2,2,2,2,1,1,1,8,4
519,DE,B,4,4,3,4,4,4,3,10,6
520,DE,B,4,4,5,5,5,4,4,10,8
521,DE,B,4,4,4,4,4,4,4,9,8
522,DE,B,4,3,3,3,2,3,4,9,6
523,DE,B,5,5,5,5,5,5,5,8,8
524,DE,B,4,2,4,3,1,2,3,8,3
525,DE,B,4,4,3,4,4,4,4,6,8
526,DE,B,3,4,4,4,5,4,2,7,7
527,DE,B,4,4,4,3,4,4,4,10,7
528,DE,B,2,2,2,2,3,2,2,8,6
529,DE,B,5,5,5,5,5,4,5,10,10
530,DE,B,4,2,3,2,2,2,2,8,5
531,DE,B,3,4,4,3,4,4,4,6,5
532,DE,B,4,3,3,3,2,3,3,8,5
533,DE,B,3,3,4,4,4,4,3,10,7
534,DE,B,3,3,3,3,3,3,3,9,6
535,DE,B,3,2,2,2,2,3,1,9,6
536,DE,B,2,2,2,3,2,2,3,8,4
537,DE,B,3,5,5,4,5,5,5,11,8
538,DE,B,2,1,1,1,1,1,3,7,5
539,DE,B,4,4,3,4,5,3,3,10,8
540,DE,B,4,4,4,4,5,5,4,11,7
541,DE,B,3,2,3,3,4,3,3,8,4
542,DE,B,5,4,4,3,3,3,3,9,7
543,DE,B,4,3,4,3,4,4,4,7,6
544,DE,B,5,5,5,5,5,5,5,6,9
545,DE,B,5,4,4,4,4,4,4,6,9
546,DE,B,1,2,3,2,1,1,2,6,6
547,DE,B,3,3,3,3,3,3,3,8,7
548,DE,B,5,5,4,4,5,5,4,6,9
549,DE,B,1,1,1,1,1,1,1,6,5
550,DE,B,3,2,3,2,4,3,3,7,5
551,DE,B,3,2,2,2,2,2,2,7,4
552,DE,B,4,3,3,2,3,3,3,9,5
553,DE,B,5,5,5,5,5,4,3,10,8
554,DE,B,4,4,4,5,5,4,4,7,11
555,DE,B,3,2,3,3,2,2,3,6,6
556,DE,B,2,3,3,3,3,3,3,8,5
557,DE,B,1,1,1,2,1,1,1,7,4
558,DE,B,4,2,3,3,3,3,3,8,5
559,DE,B,2,2,1,4,1,1,1,5,7
560,DE,B,1,1,1,1,1,1,1,6,3
561,DE,B,1,1,2,2,1,1,1,7,6
562,DE,B,5,4,3,5,4,4,5,8,9
563,DE,B,3,2,2,2,3,2,2,7,5
564,DE,B,3,3,3,3,4,3,3,9,4
565,DE,B,4,3,3,4,3,4,3,9,7
566,DE,B,5,4,3,4,4,3,3,9,7
567,DE,B,3,1,1,2,2,1,1,6,2
568,DE,B,4,2,3,2,3,3,2,8,4
569,DE,B,2,2,2,2,2,2,2,8,6
570,DE,B,4,2,2,2,2,3,3,8,4
571,DE,B,5,5,5,5,5,5,5,9,8
572,DE,B,1,2,2,2,1,1,3,4,4
573,DE,B,2,2,2,3,2,3,3,9,5
574,DE,B,4,2,2,3,3,3,3,9,6
575,DE,B,1,4,4,5,2,4,3,10,7
576,DE,B,1,1,1,3,1,1,1,5,5
577,DE,B,4,2,3,3,1,2,3,8,5
578,DE,B,4,4,4,4,5,4,3,9,7
579,DE,B,2,4,4,4,3,3,3,9,5
580,DE,B,3,5,4,4,4,5,5,11,11
581,DE,B,1,2,1,2,1,1,1,6,3
582,DE,B,2,2,3,3,2,2,3,9,5
583,DE,B,5,4,5,5,4,3,3,7,5
584,DE,B,3,5,5,4,3,5,3,7,7
585,DE,B,4,3,4,3,2,3,3,9,6
586,DE,B,3,4,4,4,4,4,3,7,7
587,DE,B,3,4,3,3,2,3,2,5,6
588,DE,B,3,4,3,3,4,3,3,7,6
589,DE,B,3,2,2,2,1,2,2,7,5
590,DE,B,4,4,4,4,4,5,4,11,8
591,DE,B,1,1,1,1,1,1,1,3,4
592,DE,B,1,1,1,1,1,1,1,7,2
593,DE,B,3,2,2,2,1,2,2,8,5
594,DE,B,4,4,3,3,2,3,3,8,7
595,DE,B,3,3,4,3,3,3,4,10,10
596,DE,B,4,4,3,3,2,3,3,10,8
597,DE,B,1,2,1,1,1,1,3,6,5
598,DE,B,5,5,5,5,5,5,5,8,7
599,DE,B,2,2,3,2,2,3,3,7,6
600,DE,B,3,4,4,3,2,3,3,9,5
601,DE,B,5,3,3,3,5,3,3,5,7
602,DE,B,3,2,3,3,4,2,3,6,6
603,DE,B,4,3,3,4,4,3,3,9,6
604,DE,B,3,2,3,2,3,2,2,8,5
605,DE,B,3,4,4,4,4,4,3,9,8
606,DE,B,4,4,4,3,3,3,3,9,6
607,DE,B,3,3,4,3,3,3,3,5,5
608,DE,B,4,3,4,5,2,3,3,9,5
609,DE,B,3,2,2,2,2,2,3,8,4
610,DE,B,3,3,3,3,3,3,3,9,5
611,DE,B,4,4,4,4,4,4,4,8,8
612,DE,B,4,4,3,4,3,4,3,9,6
613,DE,B,4,2,3,1,1,1,3,7,6
614,DE,B,4,2,2,2,3,3,2,8,6
615,DE,B,3,3,3,3,3,3,3,8,7
616,DE,B,4,3,4,5,3,2,3,8,4
617,DE,B,1,2,2,1,1,2,2,7,4
618,DE,B,4,2,2,4,2,2,2,8,8
619,DE,B,5,4,4,4,4,4,4,11,8
620,DE,B,4,3,3,4,2,3,4,8,9
621,DE,B,4,4,4,4,4,4,3,8,6
622,DE,B,2,2,1,4,2,1,1,7,6
623,DE,B,1,1,1,1,2,1,1,5,4
624,DE,B,5,3,3,3,4,4,3,11,6
625,DE,B,3,3,3,3,3,3,3,9,7
626,DE,B,5,5,5,4,5,5,5,9,12
627,DE,B,4,4,3,3,5,4,4,9,7
628,DE,B,5,4,2,3,2,4,2,10,6
629,DE,B,4,2,3,2,2,2,3,8,7
630,DE,B,4,3,3,3,4,4,2,9,7
631,DE,B,5,4,4,5,4,5,4,8,5
632,FR,A,5,4,4,4,5,5,3,9,7
633,FR,A,5,3,2,3,4,3,3,8,6
634,FR,A,4,2,4,3,4,3,3,8,6
635,FR,A,2,3,3,3,3,3,3,7,8
636,FR,A,4,4,4,4,4,4,4,10,7
637,FR,A,3,3,3,3,2,3,3,10,8
638,FR,A,3,4,2,3,4,4,4,9,8
639,FR,A,5,5,4,4,5,4,4,9,7
640,FR,A,5,4,3,3,4,3,3,8,7
641,FR,A,5,4,5,4,4,4,4,11,5
642,FR,A,4,3,4,3,3,3,3,10,7
643,FR,A,5,4,5,4,4,5,5,11,6
644,FR,A,4,4,4,4,4,4,4,6,8
645,FR,A,5,4,4,4,5,4,2,11,6
646,FR,A,4,4,2,2,3,2,2,6,7
647,FR,A,4,4,4,4,4,4,4,11,5
648,FR,A,5,4,4,4,4,4,4,9,6
649,FR,A,5,5,5,5,4,5,5,11,8
650,FR,A,5,3,3,3,4,3,3,8,4
651,FR,A,4,4,3,4,4,3,4,9,8
652,FR,A,3,2,1,2,3,2,2,5,5
653,FR,A,4,4,4,3,4,3,3,8,9
654,FR,A,5,3,3,4,5,3,3,6,7
655,FR,A,5,4,5,4,5,5,4,11,9
656,FR,A,3,3,3,4,4,3,3,10,7
657,FR,A,3,4,4,4,4,3,3,6,7
658,FR,A,5,4,4,4,4,4,4,9,7
659,FR,A,5,5,5,5,5,5,4,8,9
660,FR,A,5,5,5,5,5,4,4,11,8
661,FR,A,3,3,3,3,4,2,3,7,10
662,FR,A,5,4,4,4,4,4,3,5,8
663,FR,A,5,4,4,4,5,4,4,9,7
664,FR,A,5,4,3,3,3,3,3,8,5
665,FR,A,4,4,5,4,4,4,3,9,7
666,FR,A,4,4,4,4,5,5,5,9,6
667,FR,A,5,4,5,4,5,5,5,9,8
668,FR,A,5,4,5,5,3,4,3,10,10
669,FR,A,3,4,4,3,4,3,3,10,7
670,FR,A,3,4,3,4,4,5,4,6,9
671,FR,A,2,2,4,3,2,3,3,5,6
672,FR,A,4,3,3,3,3,3,3,8,4
673,FR,A,5,4,4,4,4,2,2,6,7
674,FR,A,4,4,4,5,4,4,4,10,6
675,FR,A,5,5,5,5,5,5,5,12,10
676,FR,A,3,3,4,4,4,4,4,9,6
677,FR,A,5,4,4,5,4,4,4,10,8
678,FR,A,4,3,3,3,3,3,3,8,4
679,FR,A,4,4,4,4,4,4,4,10,6
680,FR,A,5,3,3,3,5,3,3,7,6
681,FR,A,4,4,4,4,4,4,4,10,5
682,FR,A,3,3,3,3,3,3,3,10,7
683,FR,A,5,4,4,4,5,4,4,9,5
684,FR,A,5,4,5,5,5,5,5,9,7
685,FR,A,5,4,4,4,5,4,3,10,7
686,FR,A,4,4,4,4,4,5,5,11,7
687,FR,A,2,2,5,2,1,1,3,2,5
688,FR,A,3,3,3,3,3,3,3,9,4
689,FR,A,5,4,4,5,5,4,3,5,7
690,FR,A,2,4,2,3,3,3,4,9,7
691,FR,A,4,4,4,4,4,4,4,9,7
692,FR,A,2,3,2,3,2,2,3,8,9
693,FR,A,4,4,4,4,4,4,4,6,10
694,FR,A,4,4,3,4,4,4,4,6,8
695,FR,A,5,5,5,5,5,5,5,9,9
696,FR,A,4,2,3,3,4,3,3,8,3
697,FR,A,4,4,3,3,3,3,3,10,5
698,FR,A,5,4,4,5,5,2,2,6,6
699,FR,A,5,4,3,4,4,4,3,9,6
700,FR,A,5,5,5,5,5,5,5,8,8
701,FR,A,5,5,3,4,5,4,4,11,10
702,FR,A,4,4,3,3,4,3,3,10,7
703,FR,A,5,5,5,5,5,5,5,12,9
704,FR,A,3,4,2,4,4,3,3,8,9
705,FR,A,4,4,4,4,4,4,4,9,11
706,FR,A,5,4,4,4,4,4,4,10,7
707,FR,A,3,3,3,3,3,3,3,7,4
708,FR,A,3,3,3,3,3,3,3,9,8
709,FR,A,5,5,4,5,5,5,5,8,8
710,FR,A,5,4,4,4,4,3,3,6,7
711,FR,A,4,4,4,4,4,4,4,8,8
712,FR,A,4,4,2,2,4,4,3,7,7
713,FR,A,3,4,4,5,4,5,3,12,8
714,FR,A,3,4,3,4,2,2,2,8,7
715,FR,A,5,4,4,4,4,4,4,10,8
716,FR,A,5,4,2,4,5,3,2,8,10
717,FR,A,4,4,4,3,4,3,3,9,8
718,FR,A,5,5,5,4,5,4,5,10,8
719,FR,A,4,3,2,4,2,2,1,7,4
720,FR,A,4,5,5,4,4,3,3,6,9
721,FR,A,4,4,3,4,5,4,4,9,7
722,FR,A,5,4,4,4,5,4,3,9,8
723,FR,A,4,4,4,4,4,4,4,11,8
724,FR,A,5,4,4,4,5,3,3,7,7
725,FR,A,5,5,5,5,5,5,3,8,8
726,FR,A,4,3,3,4,4,4,3,10,5
727,FR,A,4,4,4,3,4,3,4,6,7
728,FR,A,5,5,4,5,5,4,4,7,7
729,FR,A,4,5,5,5,4,5,5,11,8
730,FR,A,5,4,4,4,5,3,3,10,8
731,FR,A,5,4,4,3,4,2,3,9,7
732,FR,A,4,4,3,4,5,4,3,8,7
733,FR,A,3,4,3,3,3,3,3,9,7
734,FR,A,5,4,3,4,5,3,3,9,7
735,FR,A,3,2,2,3,3,2,1,8,5
736,FR,A,4,2,2,2,3,3,3,7,3
737,FR,A,4,4,4,4,4,4,3,9,7
738,FR,A,4,3,4,3,3,4,3,9,6
739,FR,A,5,4,4,4,3,4,5,9,7
740,FR,A,4,3,2,3,3,2,3,7,6
741,FR,A,5,4,4,4,4,3,4,8,9
742,FR,A,4,3,2,4,2,2,3,7,7
743,FR,A,5,5,4,3,5,4,3,10,12
744,FR,A,5,4,5,5,5,5,3,11,7
745,FR,A,5,4,3,3,4,4,3,10,6
746,FR,A,5,5,5,5,5,5,3,8,9
747,FR,A,5,5,5,5,5,5,5,11,10
748,FR,A,3,2,3,4,4,3,3,6,5
749,FR,A,4,4,4,4,4,4,3,9,7
750,FR,A,5,5,5,5,5,5,5,11,8
751,FR,A,4,4,4,4,4,4,4,9,6
752,FR,A,5,4,3,4,4,3,3,9,8
753,FR,A,4,4,3,4,3,4,3,9,6
754,FR,A,5,3,3,3,4,3,3,9,6
755,FR,A,5,5,5,5,5,5,5,11,10
756,FR,A,4,4,4,4,4,3,4,7,7
757,FR,A,4,3,3,3,4,3,3,8,6
758,FR,A,5,4,4,5,5,5,4,7,10
759,FR,A,5,4,4,5,5,5,5,10,6
760,FR,A,2,4,4,4,4,4,4,8,7
761,FR,A,3,3,3,4,2,3,3,5,7
762,FR,A,4,3,4,4,4,3,3,6,6
763,FR,A,3,4,3,3,5,4,3,10,6
764,FR,A,4,4,3,4,4,3,3,9,11
765,FR,A,4,2,2,3,5,4,2,8,5
766,FR,A,4,4,4,4,4,4,3,8,9
767,FR,A,5,4,4,4,5,5,4,8,7
768,FR,A,3,4,4,4,5,4,4,7,8
769,FR,A,5,4,3,5,4,3,3,7,8
770,FR,A,5,5,4,4,5,4,3,10,11
771,FR,A,5,5,4,5,5,4,5,10,8
772,FR,A,4,5,4,5,4,5,5,11,7
773,FR,A,5,4,2,3,4,4,4,9,9
774,FR,A,5,4,3,4,4,4,5,9,10
775,FR,A,2,2,2,2,2,2,2,8,6
776,FR,A,5,4,4,4,5,3,3,9,7
777,FR,A,4,4,4,3,5,4,3,10,8
778,FR,A,5,5,5,5,5,5,4,11,7
779,FR,A,5,4,4,4,4,4,4,10,8
780,FR,A,5,5,5,4,5,4,5,9,8
781,FR,A,5,4,5,5,5,5,5,9,7
782,FR,A,5,4,4,5,3,4,3,9,6
783,FR,A,5,4,4,4,5,4,4,8,5
784,FR,A,3,3,2,4,4,3,2,9,7
785,FR,A,5,5,2,4,1,4,4,6,9
786,FR,A,2,4,2,2,3,3,2,6,7
787,FR,A,5,2,4,4,5,2,2,6,5
788,FR,A,3,3,3,3,3,3,3,9,6
789,FR,A,5,4,4,5,5,4,4,9,8
790,FR,A,3,3,3,4,4,2,2,7,6
791,FR,A,4,4,2,2,3,3,3,9,8
792,FR,A,4,4,4,4,4,4,4,9,7
793,FR,A,4,5,3,4,5,4,3,11,8
794,FR,A,5,3,3,4,2,3,3,5,7
795,FR,A,5,4,4,4,5,5,5,11,7
796,FR,A,3,4,3,4,3,3,3,6,10
797,FR,A,5,3,2,3,4,3,3,7,7
798,FR,A,5,5,5,4,4,4,5,8,8
799,FR,A,2,3,3,3,3,3,3,7,6
800,FR,A,4,4,4,5,5,4,4,8,8
801,FR,A,5,4,2,4,4,2,4,6,5
802,FR,A,5,5,5,4,5,5,5,8,8
803,FR,A,5,5,5,5,5,5,5,10,9
804,FR,A,5,4,4,4,4,4,4,10,6
805,FR,A,4,3,3,3,3,3,3,4,6
806,FR,A,3,4,4,4,4,4,4,9,8
807,FR,A,5,4,3,3,5,3,3,9,9
808,FR,A,3,4,4,4,4,3,3,8,7
809,FR,A,5,4,5,4,3,4,3,8,7
810,FR,A,2,2,2,2,2,2,2,3,4
811,FR,A,2,4,4,4,2,3,3,9,10
812,FR,A,5,4,4,4,4,4,4,10,6
813,FR,A,3,3,3,3,3,3,2,9,6
814,FR,A,5,4,4,4,4,4,4,6,7
815,FR,A,5,4,3,4,5,5,3,9,9
816,FR,A,5,4,4,4,5,3,3,8,7
817,FR,A,4,4,4,4,4,3,4,9,9
818,FR,A,3,3,3,3,3,3,3,10,7
819,FR,A,5,5,5,5,5,5,3,8,9
820,FR,A,4,4,4,4,4,3,3,4,7
821,FR,A,5,4,4,4,4,4,3,9,7
822,FR,A,4,3,4,4,4,3,3,7,6
823,FR,A,5,5,5,5,5,5,5,8,10
824,FR,A,5,5,5,5,5,5,5,8,10
825,FR,A,5,3,4,4,5,3,3,9,7
826,FR,A,5,3,3,3,3,3,3,9,5
827,FR,A,4,4,4,4,5,4,3,6,8
828,FR,A,3,4,3,4,4,4,4,7,6
829,FR,A,5,4,4,4,4,4,4,9,8
830,FR,A,3,4,4,4,5,4,4,5,7
831,FR,A,5,5,5,5,5,5,5,8,9
832,FR,A,4,4,4,4,4,4,5,10,8
833,FR,A,4,4,4,3,4,4,3,9,5
834,FR,A,5,4,4,4,4,3,3,9,9
835,FR,A,4,2,2,2,3,2,3,9,5
836,FR,A,4,4,4,4,4,3,4,5,5
837,FR,A,2,1,1,1,1,1,1,5,3
838,FR,A,5,5,5,5,5,5,5,11,8
839,FR,A,2,2,4,2,4,2,3,6,7
840,FR,A,5,5,5,5,5,5,5,11,8
841,FR,A,5,4,4,3,5,3,3,10,8
842,FR,A,3,2,4,4,4,2,4,5,4
843,FR,A,5,4,4,5,5,3,3,10,8
844,FR,A,5,4,3,4,4,5,4,11,7
845,FR,A,5,3,5,4,4,5,5,11,6
846,FR,A,3,2,3,3,2,2,3,7,6
847,FR,A,3,3,4,4,5,3,3,10,4
848,FR,A,5,5,5,5,5,5,5,9,9
849,FR,A,3,4,2,3,3,3,3,6,7
850,FR,A,4,4,2,4,4,3,4,6,8
851,FR,A,5,5,5,5,5,5,5,10,8
852,FR,A,5,5,3,4,5,4,3,10,9
853,FR,A,4,4,4,4,4,2,4,6,8
854,FR,A,3,2,2,2,4,2,3,6,6
855,FR,A,4,4,2,4,2,4,3,10,9
856,FR,A,5,4,4,4,4,4,4,10,8
857,FR,A,5,4,4,4,5,4,4,10,9
858,FR,A,5,4,4,3,5,3,3,5,7
859,FR,A,3,4,3,3,4,4,4,10,9
860,FR,A,5,3,4,4,4,3,3,7,7
861,FR,A,4,3,2,4,2,3,3,6,8
862,FR,A,4,4,4,4,4,4,3,10,7
863,FR,A,5,5,5,5,5,5,5,8,8
864,FR,A,4,4,5,5,4,5,4,11,7
865,FR,A,5,4,4,5,5,5,5,10,8
866,FR,A,3,2,4,4,4,3,3,7,5
867,FR,A,4,4,3,3,4,3,3,6,7
868,FR,A,2,4,4,3,3,4,3,7,8
869,FR,A,4,2,2,2,4,2,2,9,6
870,FR,A,5,5,5,5,5,5,5,7,9
871,FR,A,4,3,4,3,2,2,2,7,7
872,FR,A,4,4,3,3,3,3,3,6,8
873,FR,A,5,4,5,5,4,4,3,10,6
874,FR,A,3,4,4,4,3,5,3,11,8
875,FR,A,5,5,5,5,5,3,5,8,9
876,FR,A,5,4,5,5,5,3,3,8,8
877,FR,A,5,3,3,3,4,3,4,9,6
878,FR,A,4,4,4,4,4,4,4,10,5
879,FR,A,5,4,4,4,3,5,3,10,6
880,FR,A,3,3,3,3,4,1,3,6,7
881,FR,A,4,5,4,4,5,5,5,6,12
882,FR,A,5,3,4,3,5,3,3,10,7
883,FR,A,5,4,4,4,4,4,4,8,11
884,FR,A,5,4,2,4,5,4,4,6,8
885,FR,A,3,3,3,3,3,3,3,9,7
886,FR,A,4,4,3,3,2,4,4,9,8
887,FR,A,3,3,1,1,1,1,3,6,6
888,FR,A,2,4,4,4,5,5,4,10,8
889,FR,A,3,4,5,4,5,5,4,6,8
890,FR,A,5,5,5,5,4,4,4,10,9
891,FR,A,3,3,3,2,3,3,3,8,6
892,FR,A,2,4,4,4,4,5,4,9,7
893,FR,A,2,2,1,2,2,2,3,8,5
894,FR,A,4,5,5,5,5,5,5,12,8
895,FR,A,5,4,4,5,3,4,5,9,5
896,FR,A,5,4,4,4,4,4,4,11,7
897,FR,A,5,5,5,5,5,5,5,9,8
898,FR,A,2,3,2,1,3,1,3,7,4
899,FR,A,4,4,2,5,4,4,4,11,7
900,FR,A,3,4,2,2,2,3,3,9,5
901,FR,A,2,4,4,5,5,4,3,7,11
902,FR,A,5,4,4,3,5,3,3,10,5
903,FR,A,4,4,4,4,4,4,3,10,7
904,FR,A,2,3,3,3,3,3,3,10,7
905,FR,A,5,4,4,4,4,4,3,9,7
906,FR,A,3,4,4,4,4,4,4,10,11
907,FR,A,5,5,5,4,5,5,3,11,10
908,FR,A,5,4,3,4,5,3,3,8,11
909,FR,A,2,4,2,4,2,2,2,6,7
910,FR,A,3,3,4,4,4,3,3,4,4
911,FR,A,4,3,2,2,3,3,2,7,4
912,FR,A,5,5,4,4,4,3,4,4,10
913,FR,A,5,4,5,4,4,4,3,9,7
914,FR,A,2,4,4,4,4,4,3,10,7
915,FR,A,4,4,2,4,4,3,3,8,8
916,FR,A,2,4,3,4,4,3,3,9,7
917,FR,A,4,4,5,3,3,3,4,7,8
918,FR,A,5,5,4,4,5,5,5,7,7
919,FR,A,2,3,2,3,2,3,3,8,8
920,FR,A,4,4,4,4,4,4,4,9,7
921,FR,A,5,5,5,5,5,5,5,11,8
922,FR,A,5,5,5,5,5,5,3,11,8
923,FR,A,3,4,4,4,4,4,4,11,9
924,FR,A,1,5,5,5,5,5,5,10,9
925,FR,A,4,4,4,4,4,3,4,7,7
926,FR,A,5,3,4,3,4,4,3,5,6
927,FR,A,2,2,1,2,2,2,3,4,6
928,FR,A,5,5,5,5,5,5,5,9,9
929,FR,A,3,2,2,3,2,1,3,8,5
930,FR,A,4,5,5,5,5,5,5,9,8
931,FR,A,4,4,4,4,5,4,2,9,6
932,FR,A,3,4,4,3,3,3,3,9,10
933,FR,A,3,4,2,3,3,4,3,5,7
934,FR,A,4,3,3,3,3,3,2,7,5
935,FR,A,5,5,5,5,5,5,5,11,8
936,FR,A,3,3,1,1,3,1,1,7,6
937,FR,A,5,3,5,4,5,4,4,9,5
938,FR,A,4,3,2,2,3,2,3,8,7
939,FR,A,3,3,3,3,3,3,2,10,6
940,FR,A,5,5,5,5,5,5,5,11,7
941,FR,A,4,3,3,4,4,4,4,9,5
942,FR,A,5,5,5,5,5,5,5,11,9
943,FR,A,5,4,5,5,5,4,4,9,8
944,FR,A,3,4,4,3,2,3,3,9,8
945,FR,A,4,4,4,4,4,4,3,9,7
946,FR,A,3,4,4,3,3,3,3,5,7
947,FR,A,2,3,3,3,3,3,3,8,8
948,FR,A,3,4,2,3,3,3,3,6,7
949,FR,A,2,3,2,2,1,1,2,5,5
950,FR,A,5,4,4,5,5,3,3,9,9
951,FR,A,2,4,2,4,3,2,3,7,8
952,FR,A,5,3,5,4,4,3,3,6,4
953,FR,A,5,5,5,5,5,5,3,11,9
954,FR,A,5,4,5,4,5,5,5,11,7
955,FR,A,5,5,5,5,5,5,5,11,9
956,FR,A,5,4,4,4,5,4,4,11,7
957,FR,A,4,4,3,4,3,3,3,6,7
958,FR,A,5,3,3,3,3,3,3,7,5
959,FR,A,5,5,4,5,5,3,4,8,10
960,FR,A,4,4,3,4,5,3,3,10,8
961,FR,A,5,5,5,5,5,4,5,6,7
962,FR,A,3,3,3,3,3,3,3,6,7
963,FR,A,3,4,2,2,3,3,3,8,9
964,FR,A,5,5,5,5,5,5,5,10,6
965,FR,A,4,4,4,3,4,4,4,10,7
966,FR,A,2,4,4,3,3,3,3,8,6
967,FR,A,5,4,4,4,4,4,4,8,8
968,FR,A,5,4,4,4,4,3,3,9,8
969,FR,B,4,4,3,3,3,3,4,5,8
970,FR,B,3,3,2,3,3,4,3,5,7
971,FR,B,5,4,3,3,4,3,3,6,7
972,FR,B,3,5,5,5,5,5,5,11,8
973,FR,B,5,1,3,5,1,1,3,6,5
974,FR,B,2,2,2,3,2,1,2,5,5
975,FR,B,5,4,5,4,4,5,4,8,7
976,FR,B,3,5,5,5,5,5,5,12,8
977,FR,B,5,4,4,4,5,4,4,7,8
978,FR,B,3,5,5,5,5,5,5,12,7
979,FR,B,4,4,4,4,5,4,4,10,9
980,FR,B,4,4,3,3,4,3,3,7,9
981,FR,B,4,3,3,3,4,3,3,8,7
982,FR,B,5,4,4,4,4,4,4,9,9
983,FR,B,4,4,4,4,4,4,4,11,7
984,FR,B,5,4,4,4,5,4,4,11,6
985,FR,B,4,5,5,5,5,5,5,8,8
986,FR,B,5,3,3,3,3,3,3,9,8
987,FR,B,5,4,4,4,4,4,4,10,7
988,FR,B,5,4,4,4,4,4,4,10,7
989,FR,B,5,5,5,5,5,5,5,8,8
990,FR,B,3,3,3,3,4,3,3,7,6
991,FR,B,4,3,3,3,4,3,3,8,6
992,FR,B,5,4,3,4,3,3,3,8,8
993,FR,B,4,3,4,3,4,3,3,10,5
994,FR,B,5,5,5,5,5,5,5,10,7
995,FR,B,5,4,4,4,4,4,4,7,7
996,FR,B,3,3,3,3,3,3,3,8,4
997,FR,B,5,5,5,5,5,5,5,12,7
998,FR,B,5,5,5,5,5,5,5,10,7
999,FR,B,5,4,4,4,4,4,4,9,7
1000,FR,B,5,4,5,5,5,5,5,11,7
1001,FR,B,5,5,5,5,5,4,4,5,9
1002,FR,B,3,4,4,4,3,5,3,9,7
1003,FR,B,5,4,4,5,4,4,4,9,11
1004,FR,B,4,4,4,3,5,4,4,10,8
1005,FR,B,5,4,3,5,5,4,3,9,5
1006,FR,B,5,4,5,4,5,5,5,10,8
1007,FR,B,5,4,5,4,4,5,5,11,5
1008,FR,B,5,4,4,5,5,5,4,8,7
1009,FR,B,4,4,3,3,4,3,2,9,8
1010,FR,B,4,3,2,2,3,2,3,8,7
1011,FR,B,5,4,5,5,4,3,5,7,6
1012,FR,B,5,5,5,5,5,5,3,11,9
1013,FR,B,4,4,4,4,4,4,4,8,9
1014,FR,B,5,4,3,4,3,3,3,6,8
1015,FR,B,5,2,3,3,4,3,2,9,6
1016,FR,B,5,4,4,3,4,4,3,6,9
1017,FR,B,4,3,4,3,4,3,3,10,4
1018,FR,B,3,4,4,4,4,4,4,10,7
1019,FR,B,5,5,5,5,5,5,5,10,8
1020,FR,B,5,4,4,3,5,4,3,10,8
1021,FR,B,3,3,3,3,3,3,3,10,5
1022,FR,B,3,3,2,3,4,3,3,4,6
1023,FR,B,4,2,2,2,3,2,2,7,5
1024,FR,B,5,4,4,4,4,5,5,12,7
1025,FR,B,5,4,4,5,5,4,4,7,7
1026,FR,B,4,4,4,4,4,4,4,9,7
1027,FR,B,5,5,5,5,5,5,5,7,10
1028,FR,B,4,4,3,4,4,4,3,8,7
1029,FR,B,5,5,5,5,5,5,5,9,9
1030,FR,B,3,4,4,4,4,4,5,8,9
1031,FR,B,3,4,4,4,4,4,3,11,5
1032,FR,B,5,4,4,4,4,4,4,5,7
1033,FR,B,5,5,5,5,5,5,5,8,7
1034,FR,B,5,4,4,4,4,4,4,9,11
1035,FR,B,4,4,5,5,4,4,4,10,5
1036,FR,B,5,4,4,4,4,4,4,7,8
1037,FR,B,4,3,3,3,3,3,3,9,4
1038,FR,B,5,4,4,4,5,4,4,9,7
1039,FR,B,5,4,4,4,5,5,5,8,6
1040,FR,B,5,4,5,4,5,4,3,9,7
1041,FR,B,4,2,2,2,3,2,2,6,5
1042,FR,B,4,4,4,4,4,4,3,10,11
1043,FR,B,5,4,3,3,4,3,4,9,7
1044,FR,B,4,4,4,4,4,3,3,9,5
1045,FR,B,5,5,5,5,4,5,5,11,10
1046,FR,B,4,4,3,3,3,3,4,7,7
1047,FR,B,4,4,4,4,4,3,3,6,7
1048,FR,B,4,4,4,3,4,4,4,5,9
1049,FR,B,4,4,4,4,5,3,4,8,8
1050,FR,B,5,5,4,5,5,5,5,9,6
1051,FR,B,5,4,4,4,4,4,3,7,7
1052,FR,B,5,5,5,5,5,5,5,8,9
1053,FR,B,4,2,3,3,2,2,3,8,9
1054,FR,B,4,4,4,4,5,4,5,11,8
1055,FR,B,5,3,3,3,4,3,3,8,7
1056,FR,B,5,4,4,4,5,3,3,6,6
1057,FR,B,5,3,3,3,3,3,3,8,6
1058,FR,B,5,4,4,4,4,3,3,10,8
1059,FR,B,4,3,4,4,5,4,4,9,6
1060,FR,B,5,4,5,4,5,4,5,10,8
1061,FR,B,5,3,4,4,5,5,4,10,7
1062,FR,B,5,4,4,4,4,4,4,9,6
1063,FR,B,3,3,2,2,2,2,2,8,6
1064,FR,B,4,4,4,5,4,5,5,10,5
1065,FR,B,5,4,5,5,5,4,5,10,8
1066,FR,B,4,3,3,3,2,3,3,7,5
1067,FR,B,3,3,3,3,3,3,3,7,5
1068,FR,B,4,4,4,4,4,4,4,9,8
1069,FR,B,5,4,4,3,4,3,3,6,7
1070,FR,B,5,5,5,5,5,4,5,9,11
1071,FR,B,4,4,4,4,4,3,3,8,8
1072,FR,B,3,4,5,4,5,5,3,11,7
1073,FR,B,3,4,4,4,4,3,3,8,5
1074,FR,B,3,4,4,3,4,3,3,9,6
1075,FR,B,5,4,4,4,5,4,4,10,7
1076,FR,B,4,5,4,5,5,4,5,9,6
1077,FR,B,5,4,5,5,5,5,2,10,8
1078,FR,B,5,5,4,5,4,2,3,7,9
1079,FR,B,3,4,4,5,4,3,5,8,8
1080,FR,B,5,4,5,3,3,4,4,11,8
1081,FR,B,5,4,5,4,4,5,4,10,5
1082,FR,B,5,4,4,4,4,4,4,9,6
1083,FR,B,4,4,4,4,4,4,5,5,6
1084,FR,B,5,5,5,5,5,5,5,11,9
1085,FR,B,4,4,5,3,4,4,4,7,7
1086,FR,B,5,4,4,5,5,4,3,10,8
1087,FR,B,5,4,4,4,4,4,4,10,7
1088,FR,B,4,4,2,3,4,3,3,7,7
1089,FR,B,5,4,4,4,5,5,3,10,6
1090,FR,B,5,4,4,3,4,3,3,5,7
1091,FR,B,5,4,4,4,4,4,4,11,7
1092,FR,B,4,4,4,4,4,3,4,9,7
1093,FR,B,5,4,4,3,5,3,3,10,11
1094,FR,B,4,4,4,4,3,4,3,8,6
1095,FR,B,3,3,3,3,3,3,3,9,5
1096,FR,B,3,2,2,3,4,3,3,5,5
1097,FR,B,5,5,5,5,5,5,5,7,9
1098,FR,B,3,4,4,4,4,4,4,9,9
1099,FR,B,5,4,4,4,4,4,4,9,7
1100,FR,B,4,3,4,4,5,5,4,6,6
1101,FR,B,4,4,4,4,4,3,4,5,6
1102,FR,B,4,4,4,3,4,4,5,10,7
1103,FR,B,5,4,4,4,5,3,3,9,8
1104,FR,B,5,4,4,4,4,4,4,9,6
1105,FR,B,5,4,4,4,5,5,4,9,7
1106,FR,B,5,4,5,5,5,5,4,11,8
1107,FR,B,5,4,3,4,4,4,5,10,9
1108,FR,B,5,4,5,4,3,5,4,6,9
1109,FR,B,3,4,4,4,5,4,3,10,6
1110,FR,B,4,4,4,4,4,3,3,9,7
1111,FR,B,5,4,4,4,4,4,4,9,6
1112,FR,B,5,4,4,4,5,4,4,10,9
1113,FR,B,5,5,5,5,5,5,5,10,6
1114,FR,B,3,4,3,4,4,4,2,11,7
1115,FR,B,5,4,4,4,5,4,4,8,7
1116,FR,B,5,4,4,4,4,4,3,10,8
1117,FR,B,3,4,4,4,4,3,3,6,5
1118,FR,B,4,4,4,4,5,4,4,9,7
1119,FR,B,3,3,4,3,4,3,3,7,6
1120,FR,B,5,4,4,4,4,4,4,8,11
1121,FR,B,5,4,4,4,5,4,4,11,9
1122,FR,B,5,5,5,5,5,5,3,11,8
1123,FR,B,5,4,4,4,5,4,3,8,7
1124,FR,B,4,4,5,3,4,5,4,11,7
1125,FR,B,4,4,5,3,4,4,4,8,6
1126,FR,B,5,5,5,5,5,5,5,10,9
1127,FR,B,3,4,4,4,4,4,3,10,7
1128,FR,B,4,4,4,4,4,4,3,10,8
1129,FR,B,3,2,3,3,2,2,3,6,6
1130,FR,B,5,4,5,5,5,4,4,11,8
1131,FR,B,3,5,5,5,3,5,5,10,6
1132,FR,B,2,2,1,3,3,1,3,4,6
1133,FR,B,5,4,4,4,5,4,4,8,7
1134,FR,B,5,4,4,5,5,5,5,11,8
1135,FR,B,5,4,2,4,4,4,3,10,7
1136,FR,B,5,4,4,4,4,4,3,8,7
1137,FR,B,2,2,3,4,4,1,1,4,8
1138,FR,B,5,4,3,3,5,3,3,9,6
1139,FR,B,5,2,2,2,4,3,2,9,6
1140,FR,B,5,4,4,3,5,4,2,9,8
1141,FR,B,5,4,5,3,5,4,3,7,11
1142,FR,B,5,4,4,4,4,4,4,7,9
1143,FR,B,3,4,4,4,4,4,4,6,9
1144,FR,B,3,3,2,2,3,2,2,6,6
1145,FR,B,5,4,4,4,4,3,3,9,7
1146,FR,B,4,4,4,4,4,3,3,7,7
1147,FR,B,5,4,4,4,5,5,5,8,6
1148,FR,B,4,3,4,4,3,2,3,7,7
1149,FR,B,4,3,3,3,3,3,3,10,7
1150,FR,B,4,3,3,3,3,3,3,7,9
1151,FR,B,5,4,4,4,5,4,3,8,9
1152,FR,B,3,4,3,3,4,3,3,10,8
1153,FR,B,5,5,5,5,5,5,5,6,8
1154,FR,B,5,4,3,4,4,4,4,11,8
1155,FR,B,4,4,3,3,4,3,4,8,6
1156,FR,B,4,4,4,4,4,4,3,7,8
1157,FR,B,4,4,4,4,4,3,3,6,7
1158,FR,B,5,5,5,5,5,5,5,10,9
1159,FR,B,5,4,4,4,5,4,4,11,7
1160,FR,B,5,4,4,3,4,3,3,7,5
1161,FR,B,3,3,3,3,3,3,3,7,7
1162,FR,B,5,4,4,4,5,5,3,9,7
1163,FR,B,5,4,4,5,5,2,2,8,6
1164,FR,B,3,3,3,3,4,3,3,9,7
1165,FR,B,5,4,3,3,4,3,3,8,8
1166,FR,B,4,4,4,4,4,4,4,7,8
1167,FR,B,5,5,5,5,4,5,5,8,12
1168,FR,B,2,2,2,3,2,1,1,3,6
1169,FR,B,5,4,4,4,4,4,4,10,5
1170,FR,B,5,4,4,5,5,5,3,10,9
1171,FR,B,5,2,2,2,5,2,2,7,5
1172,FR,B,5,5,5,5,5,5,4,9,9
1173,FR,B,5,4,5,4,5,5,5,6,8
1174,FR,B,5,5,5,5,5,5,5,10,8
1175,FR,B,5,5,4,5,5,4,4,11,8
1176,FR,B,4,4,4,4,4,4,3,10,8
1177,FR,B,3,2,2,2,2,1,2,8,5
1178,FR,B,3,3,4,4,4,3,3,7,8
1179,FR,B,4,4,3,4,4,4,3,7,7
1180,FR,B,5,3,3,3,3,3,3,10,8
1181,FR,B,4,4,3,4,5,5,5,11,8
1182,FR,B,4,4,4,4,4,4,3,9,7
1183,FR,B,5,4,4,4,4,4,3,11,6
1184,FR,B,4,4,3,3,4,3,3,6,6
1185,FR,B,4,4,4,3,5,4,3,8,8
1186,FR,B,4,4,2,4,2,5,3,7,8
1187,FR,B,5,4,4,4,4,4,4,7,7
1188,FR,B,4,4,4,4,5,4,4,11,7
1189,FR,B,5,4,4,5,5,4,2,9,9
1190,FR,B,5,4,4,4,5,4,4,8,8
1191,FR,B,5,5,5,5,5,5,3,11,8
1192,FR,B,4,4,3,4,4,3,3,9,7
1193,FR,B,4,3,4,3,4,4,4,10,6
1194,FR,B,5,5,5,5,5,5,5,12,10
1195,FR,B,5,4,4,4,4,4,4,7,11
1196,FR,B,4,4,2,3,4,3,3,9,6
1197,FR,B,4,4,4,4,4,4,4,8,11
1198,FR,B,5,4,4,4,4,4,3,11,9
1199,FR,B,5,4,4,4,4,4,4,9,7
1200,FR,B,4,4,4,4,4,4,4,8,6
1201,FR,B,4,5,4,4,5,5,4,10,6
1202,FR,B,5,4,4,4,5,4,4,9,8
1203,FR,B,5,4,4,5,5,4,4,7,5
1204,FR,B,3,4,3,3,3,3,3,7,8
1205,FR,B,5,4,3,4,4,3,3,7,7
1206,FR,B,4,4,2,3,4,4,2,6,9
1207,FR,B,5,4,4,5,3,5,5,7,7
1208,FR,B,5,5,4,5,5,4,4,8,9
1209,FR,B,5,5,5,5,5,5,5,6,7
1210,FR,B,5,4,4,5,5,4,4,9,7
1211,FR,B,5,4,3,4,4,4,3,8,7
1212,FR,B,5,4,3,2,4,3,2,6,8
1213,FR,B,2,2,1,3,2,1,1,7,5
1214,FR,B,3,3,3,3,3,3,3,8,4
1215,FR,B,4,4,4,4,5,4,4,9,7
1216,FR,B,5,4,4,4,5,3,3,9,9
1217,FR,B,5,4,2,4,5,4,4,10,7
1218,FR,B,4,4,3,3,3,3,3,8,8
1219,FR,B,3,4,3,3,4,4,5,9,8
1220,FR,B,5,4,5,4,5,4,3,9,5
1221,FR,B,2,1,1,1,1,1,3,6,4
1222,FR,B,5,5,5,5,5,5,3,8,10
1223,FR,B,5,5,4,4,4,4,4,10,9
1224,FR,B,5,4,4,5,5,5,5,8,5
1225,FR,B,3,4,3,3,4,5,3,9,7
1226,FR,B,3,4,5,4,5,3,5,9,6
1227,FR,B,4,3,2,3,3,3,3,9,6
1228,FR,B,4,4,3,4,4,4,3,11,5
1229,FR,B,3,4,4,4,4,4,4,6,8
1230,FR,B,5,5,5,5,4,5,3,10,9
1231,FR,B,4,4,4,4,5,5,4,6,7
1232,FR,B,5,5,5,5,5,5,5,10,11
1233,FR,B,3,3,2,2,2,2,2,6,6
1234,FR,B,3,5,5,5,5,5,5,11,9
1235,FR,B,4,4,4,4,5,3,4,7,7
1236,FR,B,4,4,4,3,3,4,3,9,7
1237,FR,B,4,4,4,3,3,4,3,8,6
1238,FR,B,3,3,3,3,3,3,3,7,5
1239,FR,B,5,5,4,4,5,5,5,10,7
1240,FR,B,4,4,3,3,4,3,3,6,5
1241,FR,B,5,5,5,5,5,5,5,11,11
1242,FR,B,5,4,4,3,5,5,3,9,8
1243,FR,B,5,4,4,4,4,2,3,5,8
1244,FR,B,4,4,5,4,5,4,4,10,11
1245,FR,B,4,3,3,4,3,3,3,8,7
1246,FR,B,5,4,4,4,4,4,4,10,9
1247,FR,B,3,4,4,4,4,4,3,10,9
1248,FR,B,4,3,3,3,4,3,2,9,7
1249,FR,B,5,5,4,4,5,4,3,8,7
1250,FR,B,4,4,4,4,4,4,3,8,8
1251,FR,B,5,4,3,3,4,3,3,10,8
1252,FR,B,5,4,5,4,4,4,4,8,8
1253,FR,B,3,4,4,4,4,3,3,8,6
1254,FR,B,5,5,5,4,5,5,5,11,9
1255,FR,B,4,3,4,3,4,4,3,5,6
1256,FR,B,5,4,4,4,5,4,4,11,8
1257,FR,B,4,4,5,4,3,4,3,8,7
1258,FR,B,3,4,4,3,4,4,3,11,5
1259,FR,B,5,5,4,4,5,4,4,8,9
1260,FR,B,5,3,3,3,4,3,3,6,8
1261,FR,B,5,4,4,4,4,4,4,8,8
1262,FR,B,5,5,5,5,5,3,3,6,7
1263,FR,B,5,4,5,4,4,4,3,9,7
1264,FR,B,4,4,3,4,4,4,3,10,5
1265,FR,B,5,4,5,5,5,4,5,9,7
1266,FR,B,5,4,4,4,4,4,4,10,7
1267,FR,B,3,4,4,4,3,3,3,9,8
1268,FR,B,2,2,2,3,2,2,3,8,6
1269,FR,B,5,3,3,4,4,3,2,7,8
1270,FR,B,4,4,4,4,5,4,4,9,8
1271,SE,A,4,3,3,3,3,3,3,9,8
1272,SE,A,5,4,4,5,5,5,4,10,8
1273,SE,A,5,3,3,3,3,3,3,6,7
1274,SE,A,5,3,3,4,5,4,3,10,9
1275,SE,A,5,5,5,5,5,5,5,9,8
1276,SE,A,4,4,4,4,4,4,2,10,8
1277,SE,A,4,4,4,4,3,4,4,7,8
1278,SE,A,4,4,4,3,3,4,3,9,6
1279,SE,A,5,5,5,5,5,5,5,8,7
1280,SE,A,5,4,3,2,4,2,1,7,8
1281,SE,A,5,4,5,5,4,4,4,10,7
1282,SE,A,3,4,4,3,4,4,4,6,8
1283,SE,A,5,4,5,5,5,5,4,9,6
1284,SE,A,3,4,4,4,5,4,4,11,11
1285,SE,A,5,4,5,5,5,3,3,8,6
1286,SE,A,5,4,5,5,5,5,5,6,8
1287,SE,A,4,5,5,5,5,5,5,11,8
1288,SE,A,5,4,4,5,5,5,3,9,8
1289,SE,A,5,5,5,5,5,5,5,12,9
1290,SE,A,5,4,4,5,5,5,4,12,7
1291,SE,A,3,4,3,3,4,3,2,7,7
1292,SE,A,4,4,4,3,4,3,3,10,11
1293,SE,A,4,4,3,4,4,4,3,11,11
1294,SE,A,5,5,5,2,5,4,3,7,9
1295,SE,A,4,2,3,3,4,3,3,5,4
1296,SE,A,5,4,4,4,4,4,5,10,10
1297,SE,A,5,3,4,4,4,4,3,9,7
1298,SE,A,3,2,3,3,2,3,3,6,5
1299,SE,A,5,5,4,4,5,5,5,10,9
1300,SE,A,5,5,4,5,4,5,5,8,8
1301,SE,A,4,4,3,3,4,3,3,8,6
1302,SE,A,3,4,3,3,4,4,4,10,8
1303,SE,A,3,3,4,5,3,3,3,9,5
1304,SE,A,3,3,3,4,4,4,3,8,7
1305,SE,A,5,4,4,5,5,4,4,10,6
1306,SE,A,4,4,4,4,5,5,4,11,5
1307,SE,A,5,4,4,4,5,4,4,10,8
1308,SE,A,5,4,4,5,5,4,3,6,7
1309,SE,A,4,4,4,4,4,4,4,10,8
1310,SE,A,5,4,5,4,5,3,3,10,8
1311,SE,A,5,4,3,3,5,3,3,7,11
1312,SE,A,5,5,5,5,5,5,5,10,8
1313,SE,A,3,3,3,3,5,3,3,8,6
1314,SE,A,5,4,4,4,4,4,3,8,9
1315,SE,A,5,4,4,4,4,4,4,8,7
1316,SE,A,3,4,3,4,5,4,4,10,7
1317,SE,A,5,5,5,5,5,5,5,6,7
1318,SE,A,4,4,3,3,3,4,3,9,9
1319,SE,A,5,5,5,5,5,4,5,10,9
1320,SE,A,5,4,4,5,5,5,3,11,8
1321,SE,A,4,4,4,5,4,4,3,10,6
1322,SE,A,5,4,5,5,5,5,5,11,6
1323,SE,A,3,4,4,4,5,3,3,6,6
1324,SE,A,5,4,4,4,4,4,3,8,8
1325,SE,A,4,3,3,3,3,3,3,10,6
1326,SE,A,4,4,5,4,4,4,3,9,8
1327,SE,A,5,5,5,5,5,5,5,11,8
1328,SE,A,3,3,3,3,3,3,3,9,6
1329,SE,A,5,4,4,5,5,4,5,10,6
1330,SE,A,5,5,5,4,4,5,5,10,7
1331,SE,A,3,3,3,3,4,3,3,9,4
1332,SE,A,5,4,3,4,4,4,3,10,10
1333,SE,A,5,4,4,4,5,4,3,9,6
1334,SE,A,3,4,4,2,4,3,3,8,6
1335,SE,A,5,5,5,5,5,5,5,9,9
1336,SE,A,5,4,4,5,4,5,4,10,8
1337,SE,A,5,5,5,5,5,5,5,10,8
1338,SE,A,5,3,3,4,5,3,4,9,6
1339,SE,A,5,4,3,3,4,3,3,9,6
1340,SE,A,4,4,3,3,5,4,3,5,7
1341,SE,A,5,4,4,5,5,5,4,10,10
1342,SE,A,3,3,3,3,3,3,3,8,7
1343,SE,A,5,5,5,5,5,5,5,10,8
1344,SE,A,2,5,5,5,5,5,3,10,9
1345,SE,A,5,4,5,5,5,5,3,9,7
1346,SE,A,5,4,4,5,5,3,3,7,8
1347,SE,A,3,4,3,3,5,3,3,10,7
1348,SE,A,3,5,5,5,5,5,5,11,8
1349,SE,A,5,4,4,4,5,4,4,6,8
1350,SE,A,4,4,3,4,5,3,5,8,8
1351,SE,A,4,4,4,3,3,3,3,8,7
1352,SE,A,5,5,5,5,5,5,5,11,9
1353,SE,A,5,5,5,5,5,5,5,11,8
1354,SE,A,2,4,2,3,1,2,2,7,8
1355,SE,A,5,4,3,5,5,5,4,11,7
1356,SE,A,4,4,4,3,4,2,3,5,6
1357,SE,A,4,4,4,3,4,4,3,9,7
1358,SE,A,5,4,3,4,4,4,2,8,8
1359,SE,A,4,4,4,4,4,4,3,10,10
1360,SE,A,5,4,3,4,5,4,3,11,7
1361,SE,A,4,4,5,3,5,3,3,10,7
1362,SE,A,5,5,5,5,5,5,5,11,9
1363,SE,A,5,5,5,5,5,5,5,6,8
1364,SE,A,5,5,5,4,4,4,4,5,9
1365,SE,A,5,5,5,5,5,5,3,9,9
1366,SE,A,5,4,4,5,5,4,3,9,6
1367,SE,A,5,4,4,4,5,5,4,11,7
1368,SE,A,5,4,4,4,5,4,4,5,11
1369,SE,A,5,5,5,5,5,5,4,8,8
1370,SE,A,4,4,3,3,4,4,4,9,7
1371,SE,A,4,4,5,5,4,5,4,8,7
1372,SE,A,5,5,5,5,5,4,4,5,8
1373,SE,A,5,4,5,5,5,5,5,11,7
1374,SE,A,2,4,3,3,3,3,3,7,7
1375,SE,A,4,4,4,4,4,4,3,9,8
1376,SE,A,4,4,5,5,5,5,5,11,8
1377,SE,A,5,5,4,5,5,5,3,10,10
1378,SE,A,5,5,5,5,5,5,5,11,9
1379,SE,A,3,4,4,3,4,3,3,6,10
1380,SE,A,5,5,5,5,5,5,5,10,7
1381,SE,A,4,4,5,5,5,4,4,7,7
1382,SE,A,3,4,4,4,3,4,3,10,6
1383,SE,A,4,4,3,3,5,2,3,8,8
1384,SE,A,5,5,5,5,5,5,5,10,8
1385,SE,A,4,4,4,3,4,4,3,9,7
1386,SE,A,4,4,3,3,2,3,3,9,6
1387,SE,A,5,3,3,3,5,3,3,10,7
1388,SE,A,5,5,5,4,5,4,4,10,7
1389,SE,A,5,4,5,4,5,5,4,9,7
1390,SE,A,5,5,5,5,5,5,3,10,8
1391,SE,A,5,4,4,2,4,4,3,7,7
1392,SE,A,4,4,4,3,5,4,3,11,5
1393,SE,A,5,5,5,5,5,5,5,11,6
1394,SE,A,3,3,3,3,3,3,3,9,8
1395,SE,A,3,3,3,3,2,2,3,8,6
1396,SE,A,3,3,3,4,4,4,3,8,8
1397,SE,A,2,4,4,5,4,4,4,6,7
1398,SE,A,3,4,4,3,3,3,2,6,11
1399,SE,A,5,4,4,5,5,4,4,8,8
1400,SE,A,5,4,4,5,5,4,3,9,8
1401,SE,A,2,4,4,4,5,4,4,9,7
1402,SE,A,3,4,3,4,3,4,3,10,8
1403,SE,A,5,4,3,3,5,3,3,9,8
1404,SE,A,3,4,3,4,5,4,3,10,8
1405,SE,A,5,4,5,5,5,5,3,11,8
1406,SE,A,3,3,3,3,4,3,3,9,7
1407,SE,A,4,4,3,2,4,3,2,9,10
1408,SE,A,5,5,5,4,5,4,4,8,9
1409,SE,A,5,4,4,4,5,4,3,8,7
1410,SE,A,3,3,5,3,5,5,5,11,6
1411,SE,A,5,5,5,5,5,5,5,12,8
1412,SE,A,5,5,4,4,4,5,4,8,9
1413,SE,A,4,5,5,5,5,4,4,7,6
1414,SE,A,5,5,5,5,5,5,3,6,7
1415,SE,A,4,4,4,4,4,4,4,9,7
1416,SE,A,4,4,4,4,3,3,3,9,8
1417,SE,A,5,5,5,5,5,5,5,11,7
1418,SE,A,5,5,5,5,5,5,5,11,9
1419,SE,A,3,3,4,4,3,4,3,11,7
1420,SE,A,4,4,5,4,3,4,4,10,7
1421,SE,A,2,4,4,4,4,4,2,6,7
1422,SE,A,4,4,4,4,3,4,4,7,6
1423,SE,A,5,4,5,4,5,5,3,9,8
1424,SE,A,5,5,5,5,5,5,5,10,12
1425,SE,A,3,3,3,3,5,3,4,10,6
1426,SE,A,4,4,4,4,4,4,3,10,8
1427,SE,A,5,4,4,5,5,5,5,12,7
1428,SE,A,5,4,3,3,5,3,3,9,6
1429,SE,A,5,4,4,4,3,3,3,9,8
1430,SE,A,5,3,4,4,5,5,3,10,6
1431,SE,A,5,4,3,4,4,4,4,11,6
1432,SE,A,5,3,3,3,3,3,3,9,7
1433,SE,A,5,5,5,4,5,5,3,11,9
1434,SE,A,3,4,2,3,3,3,3,7,8
1435,SE,A,5,4,5,5,4,5,4,10,7
1436,SE,A,5,4,5,5,4,4,4,10,5
1437,SE,A,5,3,4,3,5,5,4,9,7
1438,SE,A,5,4,5,3,5,5,5,11,8
1439,SE,A,5,5,5,5,5,5,5,10,10
1440,SE,A,4,4,3,4,4,4,4,8,7
1441,SE,A,4,4,3,3,4,3,3,9,5
1442,SE,A,4,4,4,4,5,4,3,8,8
1443,SE,A,4,3,4,4,5,4,3,8,6
1444,SE,A,5,4,4,3,5,5,5,9,6
1445,SE,A,4,4,4,5,4,4,4,10,8
1446,SE,A,4,4,4,4,4,3,3,10,7
1447,SE,A,4,4,4,4,4,4,3,9,11
1448,SE,A,5,4,4,4,4,5,4,11,6
1449,SE,A,4,4,4,4,4,4,4,8,9
1450,SE,A,5,4,4,4,4,4,4,10,8
1451,SE,A,4,4,4,4,5,3,3,9,8
1452,SE,A,3,4,3,3,3,3,3,10,8
1453,SE,A,3,4,4,4,5,4,3,10,5
1454,SE,A,5,4,5,5,5,5,5,9,6
1455,SE,A,5,5,5,5,5,5,5,10,10
1456,SE,A,5,5,5,5,5,5,5,10,6
1457,SE,A,5,5,5,5,5,5,4,12,10
1458,SE,A,4,4,4,5,5,4,4,11,7
1459,SE,A,4,4,4,4,4,4,4,5,7
1460,SE,A,4,3,4,3,4,1,2,8,7
1461,SE,A,5,4,4,4,5,5,5,11,8
1462,SE,A,5,4,5,5,5,5,3,11,5
1463,SE,A,5,4,3,3,5,5,4,8,8
1464,SE,A,5,4,4,4,4,4,3,6,8
1465,SE,A,4,3,3,3,3,3,3,9,5
1466,SE,A,4,4,2,4,2,3,4,9,7
1467,SE,A,5,4,5,5,5,5,5,8,7
1468,SE,A,5,4,4,4,5,5,4,10,8
1469,SE,A,4,4,4,4,4,4,3,10,9
1470,SE,A,5,5,4,4,5,5,3,9,9
1471,SE,A,5,5,5,4,5,5,5,9,9
1472,SE,A,5,4,5,4,5,5,3,9,8
1473,SE,A,4,5,5,5,4,4,5,7,9
1474,SE,A,4,4,4,4,3,4,3,10,5
1475,SE,A,4,4,4,4,3,4,4,11,7
1476,SE,A,5,4,4,4,5,4,4,10,7
1477,SE,A,4,4,3,4,3,4,3,7,8
1478,SE,A,5,4,4,4,5,4,3,10,9
1479,SE,A,5,5,5,5,5,5,5,9,9
1480,SE,A,4,3,3,3,3,3,3,10,9
1481,SE,A,4,4,4,4,5,4,4,10,8
1482,SE,A,5,4,5,4,5,5,3,10,5
1483,SE,A,5,4,4,4,4,4,4,7,9
1484,SE,A,3,3,3,3,3,3,3,8,8
1485,SE,A,3,4,3,3,4,4,3,7,8
1486,SE,A,5,4,4,5,5,5,4,10,6
1487,SE,A,5,4,4,4,4,4,3,10,8
1488,SE,A,5,4,3,4,5,5,3,9,6
1489,SE,A,5,5,5,5,5,5,5,12,8
1490,SE,A,5,4,4,4,4,4,4,11,8
1491,SE,A,5,3,3,3,5,3,3,6,7
1492,SE,A,4,4,5,3,3,3,3,10,8
1493,SE,A,4,3,4,3,3,3,3,10,6
1494,SE,A,3,5,4,3,2,1,4,2,12
1495,SE,A,5,5,5,4,5,5,5,9,7
1496,SE,A,5,4,3,4,4,3,3,10,7
1497,SE,A,5,5,5,5,5,5,5,9,7
1498,SE,A,5,5,2,5,5,5,3,8,7
1499,SE,A,3,2,2,3,3,3,1,5,9
1500,SE,A,5,3,3,3,5,3,3,6,7
1501,SE,A,5,3,3,3,3,3,3,10,7
1502,SE,A,5,5,3,3,5,5,4,10,8
1503,SE,A,5,4,4,5,5,5,3,11,6
1504,SE,A,5,5,5,5,5,5,3,9,7
1505,SE,A,4,4,4,3,5,4,4,9,7
1506,SE,A,5,4,4,4,3,5,5,11,6
1507,SE,A,4,4,3,4,4,4,3,9,7
1508,SE,A,5,3,3,3,3,3,3,6,7
1509,SE,A,3,3,3,3,4,3,3,5,6
1510,SE,A,5,4,4,5,5,4,3,10,10
1511,SE,A,4,4,3,3,2,3,3,8,8
1512,SE,A,5,5,5,5,5,5,5,11,12
1513,SE,A,5,4,4,3,3,2,3,8,9
1514,SE,A,5,4,3,3,5,3,3,8,6
1515,SE,A,5,4,4,4,5,4,4,10,7
1516,SE,A,5,5,5,5,5,5,5,11,9
1517,SE,A,3,3,3,3,3,3,3,6,6
1518,SE,A,2,3,3,3,3,3,3,9,5
1519,SE,A,4,4,5,4,5,4,5,6,8
1520,SE,A,5,4,4,5,5,4,3,8,7
1521,SE,A,5,4,4,4,4,4,3,9,6
1522,SE,A,5,4,4,4,5,5,4,8,11
1523,SE,A,3,4,3,3,3,3,3,4,6
1524,SE,A,3,4,4,3,5,5,3,10,7
1525,SE,A,4,5,5,5,5,5,4,11,8
1526,SE,A,3,3,3,3,3,3,3,10,6
1527,SE,A,2,4,4,4,5,4,3,9,7
1528,SE,A,3,4,4,4,4,4,5,9,9
1529,SE,A,5,3,3,3,4,3,3,10,8
1530,SE,A,5,4,4,5,4,4,5,10,7
1531,SE,A,3,4,4,3,4,5,3,12,8
1532,SE,A,5,4,4,4,5,3,3,10,8
1533,SE,A,5,4,4,3,5,4,4,10,7
1534,SE,A,5,4,4,5,4,5,4,9,8
1535,SE,A,4,4,3,3,4,4,3,6,5
1536,SE,A,5,4,4,4,4,4,3,7,7
1537,SE,A,5,4,4,5,5,3,3,10,11
1538,SE,A,5,4,5,5,4,5,5,11,7
1539,SE,A,5,4,5,5,5,5,5,7,7
1540,SE,A,5,5,5,5,4,5,5,7,11
1541,SE,A,5,5,5,5,5,5,5,9,6
1542,SE,A,4,5,3,4,4,4,4,11,8
1543,SE,A,5,5,5,5,5,5,4,9,8
1544,SE,A,4,2,3,3,5,3,4,10,8
1545,SE,A,5,5,5,5,5,5,5,12,12
1546,SE,A,5,4,4,5,4,5,4,11,6
1547,SE,A,2,4,4,4,3,2,3,9,8
1548,SE,A,5,4,5,5,5,4,4,6,11
1549,SE,A,3,4,3,3,4,3,3,9,11
1550,SE,A,5,5,5,5,5,5,5,11,8
1551,SE,A,5,2,3,3,4,3,3,5,6
1552,SE,A,5,5,5,5,5,5,3,11,7
1553,SE,A,4,4,4,5,4,3,3,9,5
1554,SE,A,5,5,3,3,5,3,3,8,9
1555,SE,A,5,5,4,4,5,5,5,10,8
1556,SE,A,2,4,3,3,3,3,3,8,8
1557,SE,A,5,4,4,4,5,3,3,8,7
1558,SE,A,4,4,4,4,4,4,4,6,7
1559,SE,A,4,2,4,4,4,4,3,10,5
1560,SE,A,4,4,4,4,5,3,3,4,8
1561,SE,A,3,4,5,5,4,5,4,8,8
1562,SE,A,3,3,4,4,4,3,3,6,8
1563,SE,A,5,5,4,5,3,4,3,10,8
1564,SE,A,5,4,3,4,5,3,3,5,8
1565,SE,A,4,4,5,5,5,5,3,11,6
1566,SE,A,5,4,4,4,5,4,1,9,6
1567,SE,A,5,4,4,4,5,5,3,11,6
1568,SE,A,5,4,4,4,4,3,3,9,7
1569,SE,A,5,4,5,5,4,5,3,11,6
1570,SE,A,5,4,4,4,4,4,3,8,11
1571,SE,A,4,4,4,4,5,4,4,8,7
1572,SE,A,3,4,2,3,1,3,3,8,6
1573,SE,A,4,4,4,4,4,4,4,10,5
1574,SE,A,5,4,3,5,5,4,5,9,8
1575,SE,A,2,4,4,3,5,3,3,9,7
1576,SE,A,5,5,5,5,5,5,4,10,6
1577,SE,A,4,4,4,3,3,4,3,7,8
1578,SE,A,4,4,4,4,4,4,3,10,10
1579,SE,A,5,5,4,5,5,4,4,6,8
1580,SE,A,5,5,5,5,5,5,3,8,9
1581,SE,A,4,4,3,3,4,4,3,11,9
1582,SE,A,3,3,3,3,3,3,3,10,6
1583,SE,A,5,5,5,5,5,5,5,8,7
1584,SE,A,3,4,4,3,3,3,4,4,7
1585,SE,A,4,2,4,4,3,3,3,10,5
1586,SE,A,5,4,4,4,5,5,5,8,8
1587,SE,A,3,3,3,3,4,3,1,8,6
1588,SE,A,3,3,3,3,3,3,3,6,7
1589,SE,A,2,5,4,4,5,4,4,7,9
1590,SE,A,5,5,5,5,5,5,5,9,12
1591,SE,A,4,4,4,4,5,4,4,6,7
1592,SE,A,5,4,4,4,4,5,5,10,8
1593,SE,A,5,4,5,5,5,3,3,6,6
1594,SE,A,2,4,3,3,2,3,3,9,8
1595,SE,A,4,3,3,3,2,2,3,7,5
1596,SE,A,5,4,5,5,5,5,3,11,8
1597,SE,A,5,4,4,4,3,3,3,8,7
1598,SE,A,5,4,4,4,4,4,3,11,7
1599,SE,A,5,5,4,5,5,5,5,6,12
1600,SE,A,4,4,4,4,4,3,3,8,6
1601,SE,A,2,4,4,4,4,4,3,10,10
1602,SE,A,4,4,4,4,4,4,4,9,8
1603,SE,A,5,2,3,2,5,4,4,9,3
1604,SE,A,5,4,3,3,5,3,3,5,7
1605,SE,A,4,3,4,3,3,4,3,10,6
1606,SE,A,5,4,5,5,5,5,5,12,7
1607,SE,A,3,4,3,4,3,2,5,5,6
1608,SE,A,4,4,4,4,5,5,5,9,8
1609,SE,B,3,4,5,5,5,4,4,11,7
1610,SE,B,4,4,4,4,4,4,3,9,6
1611,SE,B,5,4,3,4,5,5,5,10,8
1612,SE,B,3,4,4,4,5,5,3,9,8
1613,SE,B,3,2,3,3,2,3,3,8,4
1614,SE,B,5,5,5,5,5,5,5,9,8
1615,SE,B,5,4,4,4,5,5,4,11,6
1616,SE,B,3,2,3,3,4,3,3,8,6
1617,SE,B,5,4,3,3,5,3,4,5,7
1618,SE,B,4,2,2,2,3,2,3,8,5
1619,SE,B,4,4,3,4,2,3,4,8,6
1620,SE,B,5,4,4,4,5,4,3,6,6
1621,SE,B,5,5,5,5,5,3,3,7,8
1622,SE,B,5,5,5,5,5,5,5,12,6
1623,SE,B,5,5,5,5,5,5,5,10,9
1624,SE,B,4,3,3,3,4,2,1,7,6
1625,SE,B,5,4,5,5,5,4,4,5,7
1626,SE,B,5,5,5,5,5,5,5,11,8
1627,SE,B,5,5,5,5,5,5,5,11,9
1628,SE,B,4,2,2,3,2,2,3,8,5
1629,SE,B,5,5,5,5,5,5,2,10,9
1630,SE,B,5,4,4,4,4,4,4,7,8
1631,SE,B,5,4,4,4,5,4,4,11,5
1632,SE,B,4,4,4,4,4,4,4,5,6
1633,SE,B,5,2,4,4,5,3,3,5,7
1634,SE,B,5,5,5,5,5,5,5,12,8
1635,SE,B,5,5,5,5,5,5,5,10,8
1636,SE,B,4,4,3,4,4,4,4,11,7
1637,SE,B,5,4,5,4,5,5,5,10,7
1638,SE,B,5,4,4,4,5,4,4,9,5
1639,SE,B,3,3,3,3,3,3,3,5,7
1640,SE,B,4,4,4,4,5,4,4,11,6
1641,SE,B,5,3,4,5,5,4,4,9,5
1642,SE,B,3,2,2,2,2,1,1,5,7
1643,SE,B,4,4,4,4,4,4,3,10,10
1644,SE,B,5,4,3,4,4,4,4,11,8
1645,SE,B,5,3,3,3,4,3,3,5,5
1646,SE,B,2,2,2,3,2,2,1,7,5
1647,SE,B,4,4,3,2,5,1,3,7,7
1648,SE,B,5,5,5,5,5,5,5,11,8
1649,SE,B,5,4,3,5,4,4,4,10,8
1650,SE,B,5,4,4,4,5,4,3,11,7
1651,SE,B,4,4,4,4,4,4,4,7,6
1652,SE,B,4,3,3,3,3,3,3,6,6
1653,SE,B,5,3,3,3,3,3,3,8,7
1654,SE,B,5,4,4,5,5,5,5,12,8
1655,SE,B,5,5,4,5,5,5,5,8,8
1656,SE,B,4,3,3,4,3,3,3,9,6
1657,SE,B,3,4,4,4,5,4,3,11,7
1658,SE,B,5,3,3,3,3,3,3,9,5
1659,SE,B,5,4,5,3,4,5,3,12,6
1660,SE,B,4,4,4,4,5,4,4,6,7
1661,SE,B,4,4,3,4,4,4,4,11,6
1662,SE,B,4,4,4,4,4,4,3,7,7
1663,SE,B,4,4,4,4,5,4,3,11,9
1664,SE,B,3,4,4,4,5,4,4,9,7
1665,SE,B,5,5,5,5,5,5,5,8,8
1666,SE,B,5,4,3,4,4,4,3,11,8
1667,SE,B,5,4,4,5,5,4,3,8,7
1668,SE,B,4,4,3,3,4,4,4,6,5
1669,SE,B,4,4,4,4,5,4,3,6,8
1670,SE,B,3,4,5,4,3,4,3,8,6
1671,SE,B,5,4,4,3,5,3,3,9,5
1672,SE,B,3,5,5,4,5,4,3,10,9
1673,SE,B,3,4,4,4,3,3,3,10,7
1674,SE,B,5,3,3,3,3,3,3,9,6
1675,SE,B,5,4,4,4,4,4,3,10,8
1676,SE,B,5,4,4,4,5,4,4,8,7
1677,SE,B,5,4,4,4,5,5,3,9,7
1678,SE,B,5,4,5,5,5,5,3,9,8
1679,SE,B,4,4,4,4,4,4,4,8,8
1680,SE,B,4,3,4,4,3,4,4,7,6
1681,SE,B,4,4,4,3,5,4,3,7,8
1682,SE,B,2,2,3,3,1,1,3,6,5
1683,SE,B,4,4,4,5,4,4,4,10,8
1684,SE,B,5,5,5,5,5,5,5,12,9
1685,SE,B,3,2,4,3,5,5,3,10,7
1686,SE,B,4,2,3,3,3,3,4,9,8
1687,SE,B,2,2,2,3,2,2,2,3,3
1688,SE,B,5,4,4,5,5,4,3,5,7
1689,SE,B,5,3,2,4,1,2,2,8,5
1690,SE,B,5,3,3,3,3,3,3,8,6
1691,SE,B,3,2,3,3,2,2,3,7,6
1692,SE,B,4,3,3,3,3,3,3,9,7
1693,SE,B,4,3,3,3,4,3,3,8,7
1694,SE,B,4,3,4,4,5,4,3,9,6
1695,SE,B,5,4,4,4,4,4,3,10,8
1696,SE,B,5,4,4,3,5,5,3,11,11
1697,SE,B,2,2,2,3,2,2,2,7,3
1698,SE,B,5,3,2,3,5,4,2,9,7
1699,SE,B,4,4,4,4,4,4,3,7,8
1700,SE,B,2,3,2,2,3,4,4,9,6
1701,SE,B,2,1,1,1,1,1,1,8,3
1702,SE,B,3,4,3,4,5,4,3,10,8
1703,SE,B,5,5,5,5,5,5,5,10,10
1704,SE,B,4,4,4,4,4,4,3,9,6
1705,SE,B,3,4,3,3,2,4,3,9,8
1706,SE,B,4,4,4,4,4,4,4,8,7
1707,SE,B,3,2,4,5,5,4,4,9,6
1708,SE,B,4,4,4,4,4,3,3,8,8
1709,SE,B,5,4,3,3,4,4,4,8,8
1710,SE,B,3,3,3,3,4,3,3,9,7
1711,SE,B,4,2,3,3,3,3,3,4,6
1712,SE,B,5,3,3,3,5,3,3,6,6
1713,SE,B,3,4,4,3,2,2,4,7,8
1714,SE,B,3,3,3,3,3,3,3,9,6
1715,SE,B,4,3,4,4,4,3,3,4,6
1716,SE,B,5,4,4,4,5,5,5,11,5
1717,SE,B,5,4,4,3,5,5,3,11,7
1718,SE,B,4,4,4,4,5,4,3,6,6
1719,SE,B,5,5,5,5,5,5,5,10,9
1720,SE,B,3,3,3,2,2,3,2,9,5
1721,SE,B,3,3,4,3,5,4,3,7,7
1722,SE,B,5,5,5,5,5,5,5,8,9
1723,SE,B,4,4,3,3,5,3,4,9,7
1724,SE,B,5,4,5,4,5,5,3,10,7
1725,SE,B,5,2,4,4,5,4,3,9,5
1726,SE,B,5,4,4,5,3,4,3,10,7
1727,SE,B,1,1,1,1,1,1,1,6,6
1728,SE,B,4,3,3,3,4,3,4,9,6
1729,SE,B,4,5,4,4,5,5,4,11,8
1730,SE,B,5,4,5,5,5,5,4,11,6
1731,SE,B,2,2,3,2,1,1,3,6,6
1732,SE,B,4,4,4,4,5,4,3,8,9
1733,SE,B,3,4,4,4,5,4,3,10,6
1734,SE,B,4,4,4,4,4,4,4,10,8
1735,SE,B,1,2,2,3,1,1,2,6,4
1736,SE,B,5,5,5,5,5,5,5,12,7
1737,SE,B,1,1,1,1,1,1,1,7,7
1738,SE,B,3,4,4,4,4,4,4,8,9
1739,SE,B,5,4,5,5,5,5,4,7,8
1740,SE,B,4,3,3,4,5,4,3,8,4
1741,SE,B,3,3,3,3,4,4,3,10,7
1742,SE,B,3,5,5,5,5,5,5,12,7
1743,SE,B,5,3,3,3,5,3,3,9,5
1744,SE,B,4,4,4,4,4,4,4,8,7
1745,SE,B,5,3,4,3,5,5,3,11,7
1746,SE,B,4,4,3,4,4,3,3,6,5
1747,SE,B,5,5,5,5,5,5,5,9,6
1748,SE,B,5,4,4,5,5,5,3,9,7
1749,SE,B,5,4,4,5,5,4,3,11,10
1750,SE,B,3,4,4,4,5,4,3,9,8
1751,SE,B,4,4,4,3,4,4,3,8,9
1752,SE,B,3,2,1,1,4,1,1,6,4
1753,SE,B,1,2,2,4,1,2,3,8,5
1754,SE,B,5,4,3,3,3,3,3,8,5
1755,SE,B,5,4,4,3,5,3,5,9,9
1756,SE,B,3,2,4,2,1,1,2,8,8
1757,SE,B,2,3,3,4,2,3,3,7,5
1758,SE,B,3,4,4,4,3,4,3,8,7
1759,SE,B,5,4,4,3,5,4,4,10,7
1760,SE,B,5,4,4,4,5,4,3,9,7
1761,SE,B,5,4,4,4,5,4,4,10,7
1762,SE,B,2,3,2,3,2,2,3,8,7
1763,SE,B,4,3,2,4,2,3,3,9,6
1764,SE,B,4,4,4,4,4,4,3,9,6
1765,SE,B,3,3,3,3,3,3,3,10,7
1766,SE,B,5,4,4,3,5,5,5,11,5
1767,SE,B,4,4,4,4,4,5,4,11,7
1768,SE,B,4,5,5,3,5,4,4,10,6
1769,SE,B,5,4,4,5,4,5,5,8,7
1770,SE,B,5,5,5,4,5,5,4,8,7
1771,SE,B,5,4,3,3,4,4,4,8,6
1772,SE,B,5,4,5,4,4,5,5,12,10
1773,SE,B,5,4,4,4,5,5,4,9,7
1774,SE,B,4,3,3,3,4,3,2,9,7
1775,SE,B,4,4,5,5,5,5,5,12,6
1776,SE,B,5,5,5,5,5,5,5,11,8
1777,SE,B,2,1,1,1,1,1,1,8,6
1778,SE,B,5,4,2,3,5,3,3,8,5
1779,SE,B,4,4,5,5,4,4,5,6,8
1780,SE,B,5,4,4,3,5,4,3,10,8
1781,SE,B,3,4,5,5,5,5,4,6,7
1782,SE,B,5,4,4,4,4,4,3,10,9
1783,SE,B,5,4,3,4,4,3,4,6,5
1784,SE,B,3,3,3,3,4,3,3,8,6
1785,SE,B,1,2,1,3,2,1,1,6,7
1786,SE,B,5,5,5,5,5,5,5,11,11
1787,SE,B,5,4,5,5,5,5,4,8,7
1788,SE,B,5,4,3,3,4,4,3,7,8
1789,SE,B,5,3,4,4,5,5,3,7,6
1790,SE,B,4,4,4,4,4,4,4,9,7
1791,SE,B,2,2,1,2,1,1,3,7,5
1792,SE,B,3,5,5,5,5,5,5,12,10
1793,SE,B,3,3,3,3,4,3,3,10,7
1794,SE,B,5,4,4,4,5,5,3,11,9
1795,SE,B,4,3,2,2,4,4,3,8,5
1796,SE,B,3,4,4,3,4,4,4,10,8
1797,SE,B,3,3,3,3,2,3,3,8,7
1798,SE,B,5,5,3,5,5,5,5,7,6
1799,SE,B,3,2,2,2,2,1,2,7,5
1800,SE,B,5,5,5,5,5,5,4,8,9
1801,SE,B,5,5,5,5,5,5,5,6,7
1802,SE,B,4,2,2,2,4,2,2,6,6
1803,SE,B,4,4,3,3,3,5,5,10,8
1804,SE,B,5,4,4,4,4,4,3,10,8
1805,SE,B,3,3,3,3,3,3,3,4,7
1806,SE,B,1,2,2,1,1,1,1,6,5
1807,SE,B,4,4,4,4,4,4,3,9,7
1808,SE,B,4,4,4,4,5,4,5,8,7
1809,SE,B,5,4,4,4,4,4,3,7,6
1810,SE,B,5,4,5,3,5,5,3,10,7
1811,SE,B,4,4,5,5,4,2,4,3,6
1812,SE,B,4,4,4,3,4,4,3,9,7
1813,SE,B,5,3,4,5,5,4,3,7,7
1814,SE,B,4,4,4,5,5,5,3,10,8
1815,SE,B,3,4,3,3,4,4,3,9,7
1816,SE,B,3,4,4,4,4,4,3,7,8
1817,SE,B,3,4,3,3,5,3,3,10,8
1818,SE,B,5,3,3,3,3,3,3,10,6
1819,SE,B,5,4,4,5,4,5,4,11,9
1820,SE,B,5,4,5,5,5,5,5,12,11
1821,SE,B,3,4,4,4,5,4,3,11,8
1822,SE,B,5,5,5,5,5,5,5,8,8
1823,SE,B,5,4,5,5,5,5,5,11,7
1824,SE,B,5,3,3,5,5,5,3,10,5
1825,SE,B,5,3,3,3,5,3,3,9,7
1826,SE,B,5,3,3,4,5,4,3,9,4
1827,SE,B,4,4,4,4,4,4,4,10,6
1828,SE,B,2,3,3,3,2,3,3,9,10
1829,SE,B,3,3,3,3,4,3,3,8,6
1830,SE,B,5,5,5,5,5,5,4,11,10
1831,SE,B,5,4,4,4,5,4,5,10,7
1832,SE,B,4,4,4,4,4,4,4,5,5
1833,SE,B,5,5,5,5,4,5,4,10,8
1834,SE,B,5,4,4,4,5,4,3,6,8
1835,SE,B,5,4,3,3,3,3,3,5,7
1836,SE,B,5,5,5,5,5,5,5,8,8
1837,SE,B,5,5,5,5,5,5,5,11,9
1838,SE,B,4,4,4,4,4,3,3,8,7
1839,SE,B,5,4,4,5,5,4,3,10,8
1840,SE,B,4,4,4,3,4,4,4,9,8
1841,SE,B,3,4,2,4,2,3,4,7,7
1842,SE,B,3,5,3,3,5,5,3,10,7
1843,SE,B,5,4,3,4,5,4,3,10,9
1844,SE,B,5,4,4,4,4,4,3,7,8
1845,SE,B,5,5,4,5,5,5,5,10,11
1846,SE,B,5,5,5,5,5,5,5,8,9
1847,SE,B,5,4,5,5,5,5,4,11,6
1848,SE,B,4,3,4,3,5,4,3,9,4
1849,SE,B,5,3,3,3,4,4,3,8,7
1850,SE,B,5,5,5,5,5,5,5,8,9
1851,SE,B,2,2,1,3,2,1,3,4,4
1852,SE,B,5,5,5,5,5,5,5,9,9
1853,SE,B,5,4,3,3,5,3,3,9,8
1854,SE,B,4,2,2,2,2,2,2,8,6
1855,SE,B,1,1,1,1,1,1,1,6,7
1856,SE,B,4,4,5,5,4,4,4,10,7
1857,SE,B,3,4,3,3,4,3,3,8,6
1858,SE,B,5,5,5,5,5,5,5,10,9
1859,SE,B,5,4,4,4,5,5,5,7,7
1860,SE,B,5,5,5,5,5,5,5,10,11
1861,SE,B,2,2,3,3,3,3,3,7,5
1862,SE,B,1,1,1,1,1,1,1,3,4
1863,SE,B,5,5,4,5,5,4,3,10,9
1864,SE,B,4,3,3,3,4,4,3,8,6
1865,SE,B,4,4,4,4,4,3,3,8,8
1866,SE,B,5,4,4,5,4,5,3,11,7
1867,SE,B,3,3,3,2,4,4,3,5,6
1868,SE,B,3,3,3,3,3,3,3,4,7
1869,SE,B,5,3,4,4,4,3,3,9,5
1870,SE,B,4,4,5,3,5,4,4,9,8
1871,SE,B,3,3,3,3,4,3,3,9,7
1872,SE,B,5,5,5,5,5,5,5,9,9
1873,SE,B,3,4,4,5,5,4,4,9,6
1874,SE,B,5,4,4,4,5,5,4,6,9
1875,SE,B,3,3,3,3,4,3,4,9,6
1876,SE,B,5,4,4,4,5,5,4,11,7
1877,SE,B,5,4,3,4,4,4,3,7,6
1878,SE,B,3,3,3,3,4,3,3,9,4
1879,SE,B,5,3,3,3,4,4,3,9,5
1880,SE,B,5,5,5,5,5,5,5,10,8
1881,SE,B,3,5,5,4,5,4,4,7,7
1882,SE,B,5,4,5,5,5,3,3,10,8
1883,SE,B,4,4,3,3,4,4,4,6,7
1884,SE,B,5,5,4,4,5,5,5,10,9
1885,SE,B,4,4,4,4,5,4,3,10,6
1886,SE,B,4,3,2,2,4,3,3,5,5
1887,SE,B,5,4,4,4,4,5,4,11,6
1888,SE,B,5,5,5,5,5,5,5,8,8
1889,SE,B,5,3,3,3,5,3,3,9,7
1890,SE,B,5,4,3,3,5,4,3,5,7
1891,SE,B,5,4,5,5,5,5,3,10,5
1892,SE,B,5,4,4,4,5,5,5,11,7
1893,SE,B,5,5,5,5,5,5,5,11,6
1894,SE,B,5,5,5,5,5,5,5,12,9
1895,SE,B,5,4,4,5,4,5,4,10,11
1896,SE,B,4,4,4,4,4,4,4,10,7
1897,SE,B,5,4,5,4,5,5,4,9,7
1898,SE,B,5,4,4,2,3,3,4,7,7
1899,SE,B,3,4,3,3,4,3,3,4,11
1900,SE,B,3,3,3,3,3,3,3,9,4
1901,SE,B,4,4,4,4,4,2,4,5,8
1902,SE,B,5,5,5,5,5,5,5,7,9
1903,SE,B,5,4,4,4,3,3,5,8,8
1904,SE,B,5,4,4,4,4,4,3,8,7
1905,SE,B,4,4,4,4,4,4,4,10,8
1906,SE,B,3,4,4,3,4,4,3,5,7
1907,SE,B,5,5,5,5,5,5,5,9,9
1908,SE,B,5,4,3,4,5,3,3,8,8
1909,SE,B,3,4,4,3,5,4,3,7,7
1910,SE,B,3,3,3,3,3,3,3,7,4
1911,SE,B,5,4,4,4,4,4,3,10,8
1912,SE,B,5,4,5,5,5,5,4,10,8
1913,SE,B,5,5,5,5,5,5,5,12,9
1914,SE,B,4,4,4,4,4,4,4,8,8
1915,SE,B,4,4,3,3,4,4,4,10,7
1916,SE,B,3,4,4,5,4,4,4,7,7
1917,SE,B,5,4,4,3,3,4,3,10,7
1918,SE,B,4,4,4,5,5,4,5,10,10
1919,SE,B,4,3,2,4,4,3,4,8,7
1920,DE,A,2,2,3,1,1,1,3,4,4
1921,DE,A,3,4,3,3,4,2,3,4,7
1922,DE,A,5,3,4,3,3,3,3,10,6
1923,DE,A,5,5,5,5,5,5,5,11,9
1924,DE,A,5,5,5,4,5,5,5,9,8
1925,DE,A,5,3,3,3,3,4,3,7,4
1926,DE,A,5,5,5,5,5,5,5,10,12
1927,DE,A,3,2,3,3,4,3,2,5,7
1928,DE,A,5,5,5,5,5,5,5,6,9
1929,DE,A,4,3,3,3,4,3,3,7,7
1930,DE,A,4,4,4,4,5,5,5,12,5
1931,DE,A,4,3,3,2,4,5,3,8,9
1932,DE,A,3,4,3,3,4,3,3,10,6
1933,DE,A,4,4,3,3,3,3,3,7,8
1934,DE,A,4,3,3,3,3,3,3,10,6
1935,DE,A,5,5,5,5,5,5,5,7,6
1936,DE,A,5,5,5,5,5,5,5,10,6
1937,DE,A,4,4,4,3,5,3,3,8,7
1938,DE,A,4,4,3,4,4,5,4,11,9
1939,DE,A,4,4,3,2,4,3,3,10,9
1940,DE,A,5,4,4,4,5,5,4,12,8
1941,DE,A,3,3,3,3,3,3,3,7,6
1942,DE,A,3,2,3,3,3,3,3,8,5
1943,DE,A,5,5,5,5,5,5,3,8,8
1944,DE,A,3,4,4,4,5,3,3,10,9
1945,DE,A,3,4,5,4,5,4,5,10,11
1946,DE,A,4,3,4,3,4,3,3,9,9
1947,DE,A,5,5,4,5,5,5,4,12,10
1948,DE,A,3,4,3,3,5,3,3,8,11
1949,DE,A,4,4,3,4,5,5,4,6,11
1950,DE,A,5,4,4,4,5,4,3,7,5
1951,DE,A,5,5,5,5,5,5,5,10,7
1952,DE,A,5,4,4,4,4,4,3,7,7
1953,DE,A,5,4,5,3,5,3,3,6,8
1954,DE,A,5,5,5,3,5,5,5,12,9
1955,DE,A,4,3,3,3,3,3,3,9,7
1956,DE,A,5,4,3,3,4,4,3,8,6
1957,DE,A,5,4,3,3,5,3,3,9,7
1958,DE,A,2,2,2,3,1,2,2,8,5
1959,DE,A,5,4,4,4,5,5,3,12,8
1960,DE,A,4,5,3,4,3,4,4,10,9
1961,DE,A,5,3,4,3,5,4,3,7,6
1962,DE,A,3,1,1,1,1,1,1,6,2
1963,DE,A,5,4,5,5,4,5,4,11,6
1964,DE,A,5,4,4,4,4,4,4,9,6
1965,DE,A,3,4,3,3,4,3,3,8,8
1966,DE,A,2,4,1,3,4,2,1,5,7
1967,DE,A,5,4,4,5,5,4,4,8,7
1968,DE,A,5,5,5,5,5,5,5,10,8
1969,DE,B,3,4,4,3,3,3,3,8,10
1970,DE,B,3,3,3,3,3,3,3,6,9
1971,DE,B,3,4,3,4,5,4,4,8,7
1972,DE,B,4,3,4,5,2,3,3,9,6
1973,DE,B,3,2,2,2,3,3,3,9,6
1974,DE,B,3,4,3,3,4,3,3,7,8
1975,DE,B,5,4,4,4,4,4,4,5,7
1976,DE,B,4,2,2,3,2,2,1,3,5
1977,DE,B,5,5,5,5,5,5,5,7,9
1978,DE,B,5,4,4,4,4,5,4,6,9
1979,DE,B,4,4,4,4,4,4,2,10,8
1980,DE,B,4,4,3,3,4,4,3,10,8
1981,DE,B,3,3,3,3,4,3,3,9,6
1982,DE,B,5,5,4,5,5,5,4,9,9
1983,DE,B,3,3,3,3,3,3,3,8,4
1984,DE,B,4,4,4,4,4,4,4,5,6
1985,DE,B,2,3,3,3,3,3,3,8,7
1986,DE,B,5,4,4,3,4,5,3,12,7
1987,DE,B,1,2,1,1,1,1,3,7,5
1988,DE,B,1,1,1,1,2,1,1,4,6
1989,DE,B,2,2,2,2,2,2,2,8,4
1990,DE,B,3,4,4,4,4,5,5,10,6
1991,DE,B,3,2,2,2,2,2,1,6,6
1992,DE,B,2,2,2,3,2,2,3,7,5
1993,DE,B,4,3,3,3,2,3,4,8,6
1994,DE,B,3,2,3,3,2,2,2,8,5
1995,DE,B,4,4,5,5,5,4,4,8,6
1996,DE,B,5,4,4,4,3,2,4,6,7
1997,DE,B,3,4,3,3,3,4,3,5,8
1998,DE,B,5,4,2,3,2,4,2,5,6
1999,DE,B,4,3,2,2,1,2,3,7,7
2000,DE,B,5,4,3,3,5,4,4,9,7
2001,DE,B,1,2,2,2,1,1,1,2,3
2002,DE,B,3,3,4,4,4,4,3,6,7
2003,DE,B,4,5,4,4,4,4,4,9,10
2004,DE,B,3,4,4,4,5,4,2,9,6
2005,DE,B,3,3,3,3,2,3,3,7,7
2006,DE,B,2,2,2,2,1,1,1,6,4
2007,DE,B,5,5,5,5,5,4,5,9,7
2008,DE,B,5,4,4,4,4,4,4,7,8
2009,DE,B,2,2,1,2,1,1,3,3,5
2010,DE,B,3,1,2,3,4,3,3,4,5
2011,DE,B,1,1,1,1,1,1,1,5,4
2012,DE,B,4,4,4,4,3,3,3,8,6
2013,DE,B,2,4,4,3,1,2,2,8,6
2014,FR,A,5,4,4,3,4,2,3,9,5
2015,FR,A,3,3,4,4,5,3,3,9,5
2016,FR,A,4,4,4,3,4,3,3,7,7
2017,FR,A,4,3,2,4,2,2,1,7,6
2018,FR,A,4,4,4,3,5,4,3,8,6
2019,FR,A,3,4,2,3,3,3,3,6,6
2020,FR,A,4,4,4,4,5,4,2,10,5
2021,FR,A,3,3,3,3,3,3,3,6,5
2022,FR,A,5,4,5,4,4,5,5,11,7
2023,FR,A,5,4,4,4,5,4,2,8,8
2024,FR,A,2,4,2,3,3,3,4,10,6
2025,FR,A,5,5,5,5,5,5,5,10,9
2026,FR,A,5,5,3,4,5,4,4,5,8
2027,FR,A,3,2,4,4,4,3,3,8,4
2028,FR,A,4,4,4,4,4,4,4,10,8
2029,FR,A,5,4,3,4,5,5,3,10,6
2030,FR,A,5,4,4,4,3,4,5,9,6
2031,FR,A,5,4,4,4,4,2,2,9,7
2032,FR,A,3,3,3,3,3,3,3,7,4
2033,FR,A,5,5,5,5,5,5,5,6,10
2034,FR,A,4,4,2,2,3,2,2,5,8
2035,FR,A,5,5,5,5,5,5,5,6,9
2036,FR,A,4,2,2,2,3,2,3,7,6
2037,FR,A,2,3,3,3,3,3,3,6,7
2038,FR,A,5,4,4,4,5,3,3,8,8
2039,FR,A,5,3,4,4,5,3,3,4,5
2040,FR,A,4,4,4,3,4,4,3,8,5
2041,FR,A,5,4,4,4,5,3,3,8,9
2042,FR,A,3,3,2,4,4,3,2,6,7
2043,FR,A,5,4,4,5,5,3,3,10,7
2044,FR,A,4,4,3,4,5,4,3,9,9
2045,FR,A,2,4,4,5,5,4,3,9,8
2046,FR,A,4,4,4,4,5,5,5,10,8
2047,FR,A,5,4,4,5,5,4,3,6,7
2048,FR,A,5,3,3,3,5,3,3,9,6
2049,FR,A,3,4,4,5,4,5,3,8,5
2050,FR,A,3,2,3,3,2,2,3,7,6
2051,FR,A,2,4,4,3,3,4,3,11,7
2052,FR,A,4,3,2,2,3,2,3,7,7
2053,FR,A,5,5,5,5,5,5,5,6,12
2054,FR,A,5,4,4,4,5,4,4,6,9
2055,FR,A,2,3,3,3,3,3,3,10,7
2056,FR,A,4,2,2,3,5,4,2,6,3
2057,FR,A,2,4,4,4,5,5,4,10,7
2058,FR,A,5,5,3,4,5,4,3,8,9
2059,FR,A,5,3,4,4,4,3,3,8,7
2060,FR,A,5,3,3,3,4,3,3,9,8
2061,FR,A,5,5,5,4,5,4,5,10,6
2062,FR,A,5,4,5,5,4,4,3,10,7
2063,FR,A,5,5,4,4,4,3,4,6,9
2064,FR,B,5,5,5,5,5,5,5,8,8
2065,FR,B,3,4,4,5,4,3,5,10,7
2066,FR,B,5,4,3,4,4,4,3,8,7
2067,FR,B,5,3,3,3,4,3,3,9,4
2068,FR,B,5,5,5,5,5,5,4,6,10
2069,FR,B,2,1,1,1,1,1,3,5,4
2070,FR,B,3,3,3,3,3,3,3,9,6
2071,FR,B,5,4,4,4,4,4,4,10,7
2072,FR,B,5,5,5,5,5,5,5,11,9
2073,FR,B,5,4,5,4,5,5,5,11,6
2074,FR,B,5,4,4,4,4,4,4,10,11
2075,FR,B,4,4,3,4,4,4,3,9,7
2076,FR,B,5,5,5,5,5,3,3,10,8
2077,FR,B,4,4,5,3,4,4,4,9,6
2078,FR,B,4,4,4,4,5,4,4,5,11
2079,FR,B,4,4,4,3,4,4,5,11,8
2080,FR,B,4,4,3,3,4,3,3,6,7
2081,FR,B,5,4,5,4,5,5,5,8,8
2082,FR,B,5,3,4,4,5,5,4,11,6
2083,FR,B,5,4,4,4,4,4,4,9,8
2084,FR,B,5,4,4,4,4,4,4,7,7
2085,FR,B,5,4,4,4,5,4,4,8,6
2086,FR,B,5,4,3,4,4,3,3,8,8
2087,FR,B,5,3,3,3,4,3,3,8,5
2088,FR,B,5,4,4,5,5,5,5,10,9
2089,FR,B,5,4,4,4,4,4,4,10,5
2090,FR,B,5,4,5,3,3,4,4,9,10
2091,FR,B,5,4,4,4,4,4,4,6,8
2092,FR,B,4,4,3,4,5,5,5,9,7
2093,FR,B,5,4,4,3,4,3,3,8,10
2094,FR,B,4,3,3,3,4,3,3,9,6
2095,FR,B,4,3,3,3,2,3,3,6,6
2096,FR,B,5,4,3,5,5,4,3,9,8
2097,FR,B,4,4,4,4,4,3,3,8,7
2098,FR,B,5,5,5,5,5,5,5,9,12
2099,FR,B,3,4,4,3,4,4,3,8,7
2100,FR,B,4,4,2,4,2,5,3,11,8
2101,FR,B,4,3,4,3,4,4,4,10,7
2102,FR,B,5,5,5,5,5,5,5,8,8
2103,FR,B,5,4,4,4,5,4,4,7,9
2104,FR,B,5,5,4,4,5,5,5,10,7
2105,FR,B,5,4,4,5,5,4,4,10,7
2106,FR,B,4,4,4,4,5,4,4,8,7
2107,FR,B,5,4,4,4,5,5,4,11,10
2108,FR,B,5,4,4,5,5,5,5,11,6
2109,SE,A,5,3,3,4,5,4,3,9,6
2110,SE,A,5,5,5,5,5,5,5,12,8
2111,SE,A,5,5,5,5,5,5,5,11,9
2112,SE,A,3,4,4,4,5,4,4,10,6
2113,SE,A,5,5,5,5,5,5,5,9,9
2114,SE,A,2,4,4,4,5,4,3,10,11
2115,SE,A,4,4,4,4,5,3,3,9,8
2116,SE,A,5,5,5,5,5,5,5,11,6
2117,SE,A,5,4,4,4,5,4,4,8,6
2118,SE,A,5,4,5,5,5,3,3,8,6
2119,SE,A,5,5,4,5,5,5,5,6,10
2120,SE,A,4,4,4,4,5,4,4,9,6
2121,SE,A,5,4,5,5,5,3,3,8,8
2122,SE,A,5,5,5,5,5,5,5,7,11
2123,SE,A,4,5,5,5,5,5,4,6,9
2124,SE,A,4,4,3,3,5,4,3,9,6
2125,SE,A,5,4,4,5,4,5,4,11,9
2126,SE,A,5,4,5,5,5,5,4,12,10
2127,SE,A,5,5,5,5,5,5,5,11,7
2128,SE,A,5,4,3,3,4,3,3,8,9
2129,SE,A,3,4,5,5,4,5,4,11,7
2130,SE,A,5,5,5,5,5,5,5,12,8
2131,SE,A,5,4,5,5,5,4,4,9,7
2132,SE,A,5,4,5,4,5,3,3,8,7
2133,SE,A,3,3,3,4,4,4,3,8,7
2134,SE,A,5,4,5,5,5,5,3,11,10
2135,SE,A,4,4,4,5,5,4,4,9,10
2136,SE,A,5,4,5,5,4,5,5,6,11
2137,SE,A,5,4,4,4,4,4,3,11,8
2138,SE,A,5,5,5,5,5,5,5,11,11
2139,SE,A,5,5,4,5,5,4,4,11,8
2140,SE,A,3,3,3,3,3,3,3,7,6
2141,SE,A,3,3,3,3,2,2,3,9,6
2142,SE,A,3,3,4,5,3,3,3,10,6
2143,SE,A,3,4,3,3,4,4,4,9,8
2144,SE,A,4,4,3,3,4,4,4,6,7
2145,SE,A,3,4,3,3,4,3,3,8,9
2146,SE,A,3,4,4,3,4,3,3,8,8
2147,SE,A,4,4,4,4,3,3,3,9,5
2148,SE,A,4,4,4,5,4,3,3,7,7
2149,SE,A,4,4,4,4,5,3,3,10,8
2150,SE,A,5,5,5,5,5,5,5,12,11
2151,SE,A,5,4,4,4,3,5,5,11,7
2152,SE,A,5,5,5,5,5,5,5,11,9
2153,SE,A,4,5,5,5,5,4,4,7,7
2154,SE,A,5,5,5,5,5,5,5,12,10
2155,SE,A,2,3,3,3,3,3,3,8,6
2156,SE,A,5,2,3,3,4,3,3,9,6
2157,SE,A,3,4,4,3,4,4,4,9,8
2158,SE,A,5,4,4,5,5,5,4,10,6
2159,SE,B,4,4,4,4,5,4,4,11,7
2160,SE,B,4,3,4,4,4,3,3,9,5
2161,SE,B,5,3,3,3,5,3,3,10,6
2162,SE,B,5,4,4,4,4,4,3,9,5
2163,SE,B,3,4,4,3,2,2,4,6,7
2164,SE,B,4,4,4,3,4,4,4,8,9
2165,SE,B,2,2,2,3,2,2,2,7,4
2166,SE,B,2,3,2,3,2,2,3,8,8
2167,SE,B,5,4,3,3,4,4,4,11,5
2168,SE,B,4,4,4,4,4,4,3,7,6
2169,SE,B,4,4,4,4,4,2,4,6,8
2170,SE,B,4,4,4,4,4,4,3,9,7
2171,SE,B,1,1,1,1,1,1,1,2,2
2172,SE,B,5,4,4,4,5,4,3,10,8
2173,SE,B,3,4,4,4,5,5,3,10,7
2174,SE,B,5,4,4,5,5,5,5,11,7
2175,SE,B,4,4,4,4,4,4,3,10,6
2176,SE,B,5,4,4,3,5,4,3,6,8
2177,SE,B,5,5,5,5,5,5,5,12,9
2178,SE,B,4,3,3,3,4,3,3,8,7
2179,SE,B,3,3,3,3,3,3,3,9,7
2180,SE,B,5,5,5,5,5,5,5,10,12
2181,SE,B,3,2,2,2,2,1,2,6,5
2182,SE,B,5,4,4,4,5,5,3,10,6
2183,SE,B,5,4,5,4,5,5,4,12,6
2184,SE,B,5,4,4,5,5,4,3,10,8
2185,SE,B,5,4,3,3,5,3,3,9,8
2186,SE,B,4,4,4,4,4,4,4,6,5
2187,SE,B,4,2,2,2,3,2,3,8,5
2188,SE,B,5,4,4,4,4,4,4,11,8
2189,SE,B,1,2,1,3,2,1,1,5,5
2190,SE,B,5,4,4,5,5,4,3,9,8
2191,SE,B,4,4,3,4,4,4,4,6,8
2192,SE,B,4,2,2,3,2,2,3,7,5
2193,SE,B,5,4,4,4,4,4,3,9,8
2194,SE,B,3,2,4,2,1,1,2,7,5
2195,SE,B,1,2,2,3,1,1,2,8,5
2196,SE,B,3,5,5,4,5,4,3,9,9
2197,SE,B,3,3,3,2,2,3,2,6,5
2198,SE,B,4,3,3,3,3,3,3,10,7
2199,SE,B,2,2,3,3,3,3,3,4,5
2200,SE,B,3,4,3,3,2,4,3,8,8
2201,SE,B,2,1,1,1,1,1,1,7,4
2202,SE,B,4,2,2,2,4,2,2,9,6
2203,SE,B,5,4,4,4,5,5,5,10,6
2204,SE,B,4,4,5,5,4,2,4,8,6
